sample_name	ATTRIBUTE_Experiment	ATTRIBUTE_Proportion_Fecal_1	ATTRIBUTE_Proportion_Fecal_2	ATTRIBUTE_Proportion_NIST_1950_SRM	ATTRIBUTE_Proportion_Tomato	ATTRIBUTE_Proportions	ATTRIBUTE_Sample_type	ATTRIBUTE_Sample_type2	ATTRIBUTE_instrument	Sequence_number	Triplicate_number	filename
QEC18_Blank_resusp_20181226235330.mzML	C18	0.0	0.0	0.0	0.0	0_0_0_0	Blank	blank_solvent	Q-Exactive	2.0	1.0	QEC18_Blank_resusp_20181226235330.mzML
QEC18_Blank_resusp_20181227024429.mzML	C18	0.0	0.0	0.0	0.0	0_0_0_0	Blank	blank_solvent	Q-Exactive	12.0	2.0	QEC18_Blank_resusp_20181227024429.mzML
QEC18_Blank_resusp_20181227051626.mzML	C18	0.0	0.0	0.0	0.0	0_0_0_0	Blank	blank_solvent	Q-Exactive	21.0	3.0	QEC18_Blank_resusp_20181227051626.mzML
QEC18_Blank_resusp_20181227072924.mzML	C18	0.0	0.0	0.0	0.0	0_0_0_0	Blank	blank_solvent	Q-Exactive	29.0	4.0	QEC18_Blank_resusp_20181227072924.mzML
QEC18_Blank_resusp_20181227100129.mzML	C18	0.0	0.0	0.0	0.0	0_0_0_0	Blank	blank_solvent	Q-Exactive	36.0	5.0	QEC18_Blank_resusp_20181227100129.mzML
QEC18_Blank_resusp_20181227154841.mzML	C18	0.0	0.0	0.0	0.0	0_0_0_0	Blank	blank_solvent	Q-Exactive	45.0	6.0	QEC18_Blank_resusp_20181227154841.mzML
QEC18_Blank_resusp_20181227180406.mzML	C18	0.0	0.0	0.0	0.0	0_0_0_0	Blank	blank_solvent	Q-Exactive	61.0	7.0	QEC18_Blank_resusp_20181227180406.mzML
QEC18_Blank_resusp_20181227200515.mzML	C18	0.0	0.0	0.0	0.0	0_0_0_0	Blank	blank_solvent	Q-Exactive	68.0	8.0	QEC18_Blank_resusp_20181227200515.mzML
QEC18_Blank_resusp_20181227235313.mzML	C18	0.0	0.0	0.0	0.0	0_0_0_0	Blank	blank_solvent	Q-Exactive	73.0	9.0	QEC18_Blank_resusp_20181227235313.mzML
QEC18_Blank_resusp_20181228030323.mzML	C18	0.0	0.0	0.0	0.0	0_0_0_0	Blank	blank_solvent	Q-Exactive	85.0	10.0	QEC18_Blank_resusp_20181228030323.mzML
QEC18_blank_SPE_20181227092326.mzML	C18	0.0	0.0	0.0	0.0	0_0_0_0	Blank	blank_SPE	Q-Exactive	43.0	2.0	QEC18_blank_SPE_20181227092326.mzML
QEC18_blank_SPE_20181227221813.mzML	C18	0.0	0.0	0.0	0.0	0_0_0_0	Blank	blank_SPE	Q-Exactive	80.0	3.0	QEC18_blank_SPE_20181227221813.mzML
QEC18_blank_SPE.mzML	C18	0.0	0.0	0.0	0.0	0_0_0_0	Blank	blank_SPE	Q-Exactive	3.0	1.0	QEC18_blank_SPE.mzML
QEC18_NIST_20181227102029.mzML	C18	0.0	0.0	100.0	0.0	0_0_0_100	Sample	Sample	Q-Exactive	46.0	2.0	QEC18_NIST_20181227102029.mzML
QEC18_NIST_20181227182328.mzML	C18	0.0	0.0	100.0	0.0	0_0_0_100	Sample	Sample	Q-Exactive	69.0	3.0	QEC18_NIST_20181227182328.mzML
QEC18_NIST.mzML	C18	0.0	0.0	100.0	0.0	0_0_0_100	Sample	Sample	Q-Exactive	23.0	1.0	QEC18_NIST.mzML
QEC18_To_20181227204313.mzML	C18	0.0	0.0	0.0	100.0	0_0_100_0	Sample	Sample	Q-Exactive	75.0	2.0	QEC18_To_20181227204313.mzML
QEC18_To_20181227231513.mzML	C18	0.0	0.0	0.0	100.0	0_0_100_0	Sample	Sample	Q-Exactive	83.0	3.0	QEC18_To_20181227231513.mzML
QEC18_To.mzML	C18	0.0	0.0	0.0	100.0	0_0_100_0	Sample	Sample	Q-Exactive	32.0	1.0	QEC18_To.mzML
QEC18_To-1_NIST-3_20181227172525.mzML	C18	0.0	0.0	75.0	25.0	0_0_25_75	Sample	Sample	Q-Exactive	66.0	2.0	QEC18_To-1_NIST-3_20181227172525.mzML
QEC18_To-1_NIST-3_20181227214013.mzML	C18	0.0	0.0	75.0	25.0	0_0_25_75	Sample	Sample	Q-Exactive	78.0	3.0	QEC18_To-1_NIST-3_20181227214013.mzML
QEC18_To-1_NIST-3.mzML	C18	0.0	0.0	75.0	25.0	0_0_25_75	Sample	Sample	Q-Exactive	56.0	1.0	QEC18_To-1_NIST-3.mzML
QEC18_To-1_NIST-1_20181227111754.mzML	C18	0.0	0.0	50.0	50.0	0_0_50_50	Sample	Sample	Q-Exactive	49.0	2.0	QEC18_To-1_NIST-1_20181227111754.mzML
QEC18_To-1_NIST-1_20181228010915.mzML	C18	0.0	0.0	50.0	50.0	0_0_50_50	Sample	Sample	Q-Exactive	89.0	3.0	QEC18_To-1_NIST-1_20181228010915.mzML
QEC18_To-1_NIST-1.mzML	C18	0.0	0.0	50.0	50.0	0_0_50_50	Sample	Sample	Q-Exactive	6.0	1.0	QEC18_To-1_NIST-1.mzML
QEC18_To-3_NIST-1_20181227074824.mzML	C18	0.0	0.0	25.0	75.0	0_0_75_25	Sample	Sample	Q-Exactive	37.0	2.0	QEC18_To-3_NIST-1_20181227074824.mzML
QEC18_To-3_NIST-1_20181227160801.mzML	C18	0.0	0.0	25.0	75.0	0_0_75_25	Sample	Sample	Q-Exactive	62.0	3.0	QEC18_To-3_NIST-1_20181227160801.mzML
QEC18_To-3_NIST-1.mzML	C18	0.0	0.0	25.0	75.0	0_0_75_25	Sample	Sample	Q-Exactive	16.0	1.0	QEC18_To-3_NIST-1.mzML
QEC18_F2_20181227121553.mzML	C18	0.0	100.0	0.0	0.0	0_100_0_0	Sample	Sample	Q-Exactive	51.0	2.0	QEC18_F2_20181227121553.mzML
QEC18_F2_20181228001213.mzML	C18	0.0	100.0	0.0	0.0	0_100_0_0	Sample	Sample	Q-Exactive	86.0	3.0	QEC18_F2_20181228001213.mzML
QEC18_F2.mzML	C18	0.0	100.0	0.0	0.0	0_100_0_0	Sample	Sample	Q-Exactive	9.0	1.0	QEC18_F2.mzML
QEC18_F2-1_NIST-3_20181227103932.mzML	C18	0.0	25.0	75.0	0.0	0_25_0_75	Sample	Sample	Q-Exactive	47.0	2.0	QEC18_F2-1_NIST-3_20181227103932.mzML
QEC18_F2-1_NIST-3_20181227145038.mzML	C18	0.0	25.0	75.0	0.0	0_25_0_75	Sample	Sample	Q-Exactive	58.0	3.0	QEC18_F2-1_NIST-3_20181227145038.mzML
QEC18_F2-1_NIST-3.mzML	C18	0.0	25.0	75.0	0.0	0_25_0_75	Sample	Sample	Q-Exactive	7.0	1.0	QEC18_F2-1_NIST-3.mzML
QEC18_F2-1_To-3_20181226223728.mzML	C18	0.0	25.0	0.0	75.0	0_25_75_0	Sample	Sample	Q-Exactive	8.0	2.0	QEC18_F2-1_To-3_20181226223728.mzML
QEC18_F2-1_To-3_20181227041925.mzML	C18	0.0	25.0	0.0	75.0	0_25_75_0	Sample	Sample	Q-Exactive	26.0	3.0	QEC18_F2-1_To-3_20181227041925.mzML
QEC18_F2-1_To-3.mzML	C18	0.0	25.0	0.0	75.0	0_25_75_0	Sample	Sample	Q-Exactive	5.0	1.0	QEC18_F2-1_To-3.mzML
QEC18_F2-1_NIST-1_20181227212113.mzML	C18	0.0	50.0	50.0	0.0	0_50_0_50	Sample	Sample	Q-Exactive	77.0	2.0	QEC18_F2-1_NIST-1_20181227212113.mzML
QEC18_F2-1_NIST-1_20181227233413.mzML	C18	0.0	50.0	50.0	0.0	0_50_0_50	Sample	Sample	Q-Exactive	84.0	3.0	QEC18_F2-1_NIST-1_20181227233413.mzML
QEC18_F2-1_NIST-1.mzML	C18	0.0	50.0	50.0	0.0	0_50_0_50	Sample	Sample	Q-Exactive	33.0	1.0	QEC18_F2-1_NIST-1.mzML
QEC18_F2-1_To-1_20181227150959.mzML	C18	0.0	50.0	0.0	50.0	0_50_50_0	Sample	Sample	Q-Exactive	59.0	2.0	QEC18_F2-1_To-1_20181227150959.mzML
QEC18_F2-1_To-1_20181228014719.mzML	C18	0.0	50.0	0.0	50.0	0_50_50_0	Sample	Sample	Q-Exactive	91.0	3.0	QEC18_F2-1_To-1_20181228014719.mzML
QEC18_F2-1_To-1.mzML	C18	0.0	50.0	0.0	50.0	0_50_50_0	Sample	Sample	Q-Exactive	44.0	1.0	QEC18_F2-1_To-1.mzML
QEC18_F2-3_NIST-1_20181227162723.mzML	C18	0.0	75.0	25.0	0.0	0_75_0_25	Sample	Sample	Q-Exactive	28.0	2.0	QEC18_F2-3_NIST-1_20181227162723.mzML
QEC18_F2-3_NIST-1_20181228005015.mzML	C18	0.0	75.0	25.0	0.0	0_75_0_25	Sample	Sample	Q-Exactive	65.0	3.0	QEC18_F2-3_NIST-1_20181228005015.mzML
QEC18_F2-3_NIST-1.mzML	C18	0.0	75.0	25.0	0.0	0_75_0_25	Sample	Sample	Q-Exactive	11.0	1.0	QEC18_F2-3_NIST-1.mzML
QEC18_F2-3_To-1_20181227082626.mzML	C18	0.0	75.0	0.0	25.0	0_75_25_0	Sample	Sample	Q-Exactive	39.0	2.0	QEC18_F2-3_To-1_20181227082626.mzML
QEC18_F2-3_To-1_20181227164643.mzML	C18	0.0	75.0	0.0	25.0	0_75_25_0	Sample	Sample	Q-Exactive	64.0	3.0	QEC18_F2-3_To-1_20181227164643.mzML
QEC18_F2-3_To-1.mzML	C18	0.0	75.0	0.0	25.0	0_75_25_0	Sample	Sample	Q-Exactive	13.0	1.0	QEC18_F2-3_To-1.mzML
QEC18_F1_20181227030329.mzML	C18	100.0	0.0	0.0	0.0	100_0_0_0	Sample	Sample	Q-Exactive	22.0	2.0	QEC18_F1_20181227030329.mzML
QEC18_F1_20181228032223.mzML	C18	100.0	0.0	0.0	0.0	100_0_0_0	Sample	Sample	Q-Exactive	96.0	3.0	QEC18_F1_20181228032223.mzML
QEC18_F1.mzML	C18	100.0	0.0	0.0	0.0	100_0_0_0	Sample	Sample	Q-Exactive	14.0	1.0	QEC18_F1.mzML
QEC18_F1-1_F2-1_NIST-2_To-1_20181227152919.mzML	C18	20.0	20.0	40.0	20.0	20_20_20_40	Sample	Sample	Q-Exactive	60.0	2.0	QEC18_F1-1_F2-1_NIST-2_To-1_20181227152919.mzML
QEC18_F1-1_F2-1_NIST-2_To-1_20181227225613.mzML	C18	20.0	20.0	40.0	20.0	20_20_20_40	Sample	Sample	Q-Exactive	82.0	3.0	QEC18_F1-1_F2-1_NIST-2_To-1_20181227225613.mzML
QEC18_F1-1_F2-1_NIST-2_To-1.mzML	C18	20.0	20.0	40.0	20.0	20_20_20_40	Sample	Sample	Q-Exactive	31.0	1.0	QEC18_F1-1_F2-1_NIST-2_To-1.mzML
QEC18_F1-1_F2-1_NIST-1_To-2_20181227113714.mzML	C18	20.0	20.0	20.0	40.0	20_20_40_20	Sample	Sample	Q-Exactive	50.0	2.0	QEC18_F1-1_F2-1_NIST-1_To-2_20181227113714.mzML
QEC18_F1-1_F2-1_NIST-1_To-2_20181227184249.mzML	C18	20.0	20.0	20.0	40.0	20_20_40_20	Sample	Sample	Q-Exactive	70.0	3.0	QEC18_F1-1_F2-1_NIST-1_To-2_20181227184249.mzML
QEC18_F1-1_F2-1_NIST-1_To-2.mzML	C18	20.0	20.0	20.0	40.0	20_20_40_20	Sample	Sample	Q-Exactive	48.0	1.0	QEC18_F1-1_F2-1_NIST-1_To-2.mzML
QEC18_F1-1_F2-2_NIST-1_To-1_20181227065123.mzML	C18	20.0	40.0	20.0	20.0	20_40_20_20	Sample	Sample	Q-Exactive	34.0	2.0	QEC18_F1-1_F2-2_NIST-1_To-1_20181227065123.mzML
QEC18_F1-1_F2-2_NIST-1_To-1_20181228034123.mzML	C18	20.0	40.0	20.0	20.0	20_40_20_20	Sample	Sample	Q-Exactive	97.0	3.0	QEC18_F1-1_F2-2_NIST-1_To-1_20181228034123.mzML
QEC18_F1-1_F2-2_NIST-1_To-1.mzML	C18	20.0	40.0	20.0	20.0	20_40_20_20	Sample	Sample	Q-Exactive	18.0	1.0	QEC18_F1-1_F2-2_NIST-1_To-1.mzML
QEC18_F1-1_NIST-3_20181227133316.mzML	C18	25.0	0.0	75.0	0.0	25_0_0_75	Sample	Sample	Q-Exactive	55.0	2.0	QEC18_F1-1_NIST-3_20181227133316.mzML
QEC18_F1-1_NIST-3_20181228012817.mzML	C18	25.0	0.0	75.0	0.0	25_0_0_75	Sample	Sample	Q-Exactive	90.0	3.0	QEC18_F1-1_NIST-3_20181228012817.mzML
QEC18_F1-1_NIST-3.mzML	C18	25.0	0.0	75.0	0.0	25_0_0_75	Sample	Sample	Q-Exactive	4.0	1.0	QEC18_F1-1_NIST-3.mzML
QEC18_F1-1_To-3_20181227174446.mzML	C18	25.0	0.0	0.0	75.0	25_0_75_0	Sample	Sample	Q-Exactive	67.0	2.0	QEC18_F1-1_To-3_20181227174446.mzML
QEC18_F1-1_To-3_20181227223713.mzML	C18	25.0	0.0	0.0	75.0	25_0_75_0	Sample	Sample	Q-Exactive	81.0	3.0	QEC18_F1-1_To-3_20181227223713.mzML
QEC18_F1-1_To-3.mzML	C18	25.0	0.0	0.0	75.0	25_0_75_0	Sample	Sample	Q-Exactive	24.0	1.0	QEC18_F1-1_To-3.mzML
QEC18_Qcmix_begin.mzML	C18	25.0	25.0	25.0	25.0	25_25_25_25	Qcmix	Qcmix	Q-Exactive	1.0	1.0	QEC18_Qcmix_begin.mzML
QEC18_Qcmix_middle.mzML	C18	25.0	25.0	25.0	25.0	25_25_25_25	Qcmix	Qcmix	Q-Exactive	50.0	2.0	QEC18_Qcmix_middle.mzML
QEC18_Qcmix_end.mzML	C18	25.0	25.0	25.0	25.0	25_25_25_25	Qcmix	Qcmix	Q-Exactive	90.0	3.0	QEC18_Qcmix_end.mzML
QEC18_Qcmix_end_20181228041923.mzML	C18	25.0	25.0	25.0	25.0	25_25_25_25	Qcmix	Qcmix	Q-Exactive	100.0	4.0	QEC18_Qcmix_end_20181228041923.mzML
QEC18_QCmix_no_exclusion.mzML	C18	25.0	25.0	25.0	25.0	25_25_25_25	Qcmix	Qcmix	Q-Exactive	100.0	5.0	QEC18_QCmix_no_exclusion.mzML
QEC18RT_Qcmix_begin.mzML	C18	25.0	25.0	25.0	25.0	25_25_25_25	Qcmix	Qcmix	Q-Exactive	1.0	1.0	QEC18RT_Qcmix_begin.mzML
QEC18RT_Qcmix_middle.mzML	C18	25.0	25.0	25.0	25.0	25_25_25_25	Qcmix	Qcmix	Q-Exactive	50.0	2.0	QEC18RT_Qcmix_middle.mzML
QEC18RT_Qcmix_end.mzML	C18	25.0	25.0	25.0	25.0	25_25_25_25	Qcmix	Qcmix	Q-Exactive	90.0	3.0	QEC18RT_Qcmix_end.mzML
QEC18RT_QCmix_no_exclusion.mzML	C18	25.0	25.0	25.0	25.0	25_25_25_25	Qcmix	Qcmix	Q-Exactive	100.0	4.0	QEC18RT_QCmix_no_exclusion.mzML
QEC18_F1-1_F2-1_NIST-1_To-1_20181227125436.mzML	C18	25.0	25.0	25.0	25.0	25_25_25_25	Sample	Sample	Q-Exactive	53.0	2.0	QEC18_F1-1_F2-1_NIST-1_To-1_20181227125436.mzML
QEC18_F1-1_F2-1_NIST-1_To-1_20181227135238.mzML	C18	25.0	25.0	25.0	25.0	25_25_25_25	Sample	Sample	Q-Exactive	99.0	3.0	QEC18_F1-1_F2-1_NIST-1_To-1_20181227135238.mzML
QEC18_F1-1_F2-1_NIST-1_To-1.mzML	C18	25.0	25.0	25.0	25.0	25_25_25_25	Sample	Sample	Q-Exactive	19.0	1.0	QEC18_F1-1_F2-1_NIST-1_To-1.mzML
QEC18_F1-1_F2-3_20181227012831.mzML	C18	25.0	75.0	0.0	0.0	25_75_0_0	Sample	Sample	Q-Exactive	17.0	2.0	QEC18_F1-1_F2-3_20181227012831.mzML
QEC18_F1-1_F2-3_20181227071023.mzML	C18	25.0	75.0	0.0	0.0	25_75_0_0	Sample	Sample	Q-Exactive	35.0	3.0	QEC18_F1-1_F2-3_20181227071023.mzML
QEC18_F1-1_F2-3.mzML	C18	25.0	75.0	0.0	0.0	25_75_0_0	Sample	Sample	Q-Exactive	10.0	1.0	QEC18_F1-1_F2-3.mzML
QEC18_F1-2_F2-1_NIST-1_To-1_20181228020619.mzML	C18	40.0	20.0	20.0	20.0	40_20_20_20	Sample	Sample	Q-Exactive	92.0	2.0	QEC18_F1-2_F2-1_NIST-1_To-1_20181228020619.mzML
QEC18_F1-2_F2-1_NIST-1_To-1_20181228022521.mzML	C18	40.0	20.0	20.0	20.0	40_20_20_20	Sample	Sample	Q-Exactive	93.0	3.0	QEC18_F1-2_F2-1_NIST-1_To-1_20181228022521.mzML
QEC18_F1-2_F2-1_NIST-1_To-1.mzML	C18	40.0	20.0	20.0	20.0	40_20_20_20	Sample	Sample	Q-Exactive	30.0	1.0	QEC18_F1-2_F2-1_NIST-1_To-1.mzML
QEC18_F1-1_NIST-1_20181227210213.mzML	C18	50.0	0.0	50.0	0.0	50_0_0_50	Sample	Sample	Q-Exactive	76.0	2.0	QEC18_F1-1_NIST-1_20181227210213.mzML
QEC18_F1-1_NIST-1_20181227215913.mzML	C18	50.0	0.0	50.0	0.0	50_0_0_50	Sample	Sample	Q-Exactive	79.0	3.0	QEC18_F1-1_NIST-1_20181227215913.mzML
QEC18_F1-1_NIST-1.mzML	C18	50.0	0.0	50.0	0.0	50_0_0_50	Sample	Sample	Q-Exactive	74.0	1.0	QEC18_F1-1_NIST-1.mzML
QEC18_F1-1_To-1_20181227043825.mzML	C18	50.0	0.0	0.0	50.0	50_0_50_0	Sample	Sample	Q-Exactive	27.0	2.0	QEC18_F1-1_To-1_20181227043825.mzML
QEC18_F1-1_To-1_20181227123513.mzML	C18	50.0	0.0	0.0	50.0	50_0_50_0	Sample	Sample	Q-Exactive	52.0	3.0	QEC18_F1-1_To-1_20181227123513.mzML
QEC18_F1-1_To-1.mzML	C18	50.0	0.0	0.0	50.0	50_0_50_0	Sample	Sample	Q-Exactive	25.0	1.0	QEC18_F1-1_To-1.mzML
QEC18_F1-1_F2-1_20181227084526.mzML	C18	50.0	50.0	0.0	0.0	50_50_0_0	Sample	Sample	Q-Exactive	40.0	2.0	QEC18_F1-1_F2-1_20181227084526.mzML
QEC18_F1-1_F2-1_20181227143118.mzML	C18	50.0	50.0	0.0	0.0	50_50_0_0	Sample	Sample	Q-Exactive	57.0	3.0	QEC18_F1-1_F2-1_20181227143118.mzML
QEC18_F1-1_F2-1.mzML	C18	50.0	50.0	0.0	0.0	50_50_0_0	Sample	Sample	Q-Exactive	15.0	1.0	QEC18_F1-1_F2-1.mzML
QEC18_F1-3_NIST-1_20181227045725.mzML	C18	75.0	0.0	25.0	0.0	75_0_0_25	Sample	Sample	Q-Exactive	63.0	2.0	QEC18_F1-3_NIST-1_20181227045725.mzML
QEC18_F1-3_NIST-1_20181227170603.mzML	C18	75.0	0.0	25.0	0.0	75_0_0_25	Sample	Sample	Q-Exactive	88.0	3.0	QEC18_F1-3_NIST-1_20181227170603.mzML
QEC18_F1-3_NIST-1.mzML	C18	75.0	0.0	25.0	0.0	75_0_0_25	Sample	Sample	Q-Exactive	41.0	1.0	QEC18_F1-3_NIST-1.mzML
QEC18_F1-3_To-1_20181228003115.mzML	C18	75.0	0.0	0.0	25.0	75_0_25_0	Sample	Sample	Q-Exactive	87.0	2.0	QEC18_F1-3_To-1_20181228003115.mzML
QEC18_F1-3_To-1_20181228024423.mzML	C18	75.0	0.0	0.0	25.0	75_0_25_0	Sample	Sample	Q-Exactive	94.0	3.0	QEC18_F1-3_To-1_20181228024423.mzML
QEC18_F1-3_To-1.mzML	C18	75.0	0.0	0.0	25.0	75_0_25_0	Sample	Sample	Q-Exactive	38.0	1.0	QEC18_F1-3_To-1.mzML
QEC18_F1-3_F2-1_20181227131356.mzML	C18	75.0	25.0	0.0	0.0	75_25_0_0	Sample	Sample	Q-Exactive	54.0	2.0	QEC18_F1-3_F2-1_20181227131356.mzML
QEC18_F1-3_F2-1_20181227190209.mzML	C18	75.0	25.0	0.0	0.0	75_25_0_0	Sample	Sample	Q-Exactive	71.0	3.0	QEC18_F1-3_F2-1_20181227190209.mzML
QEC18_F1-3_F2-1.mzML	C18	75.0	25.0	0.0	0.0	75_25_0_0	Sample	Sample	Q-Exactive	20.0	1.0	QEC18_F1-3_F2-1.mzML
QEC18pol_Blank_resusp.mzML	C18-polar	0.0	0.0	0.0	0.0	0_0_0_0	Blank	blank_solvent	Q-Exactive	2.0	1.0	QEC18pol_Blank_resusp.mzML
QEC18polar_Blank_resusp_20181229204310.mzML	C18-polar	0.0	0.0	0.0	0.0	0_0_0_0	Blank	blank_solvent	Q-Exactive	21.0	3.0	QEC18polar_Blank_resusp_20181229204310.mzML
QEC18polar_Blank_resusp_20181229231503.mzML	C18-polar	0.0	0.0	0.0	0.0	0_0_0_0	Blank	blank_solvent	Q-Exactive	29.0	4.0	QEC18polar_Blank_resusp_20181229231503.mzML
QEC18polar_Blank_resusp_20181230014702.mzML	C18-polar	0.0	0.0	0.0	0.0	0_0_0_0	Blank	blank_solvent	Q-Exactive	36.0	5.0	QEC18polar_Blank_resusp_20181230014702.mzML
QEC18polar_Blank_resusp_20181230040000.mzML	C18-polar	0.0	0.0	0.0	0.0	0_0_0_0	Blank	blank_solvent	Q-Exactive	45.0	6.0	QEC18polar_Blank_resusp_20181230040000.mzML
QEC18polar_Blank_resusp_20181230065056.mzML	C18-polar	0.0	0.0	0.0	0.0	0_0_0_0	Blank	blank_solvent	Q-Exactive	61.0	7.0	QEC18polar_Blank_resusp_20181230065056.mzML
QEC18polar_Blank_resusp_20181230115500.mzML	C18-polar	0.0	0.0	0.0	0.0	0_0_0_0	Blank	blank_solvent	Q-Exactive	68.0	8.0	QEC18polar_Blank_resusp_20181230115500.mzML
QEC18polar_Blank_resusp_20181230144723.mzML	C18-polar	0.0	0.0	0.0	0.0	0_0_0_0	Blank	blank_solvent	Q-Exactive	73.0	9.0	QEC18polar_Blank_resusp_20181230144723.mzML
QEC18polar_Blank_resusp_20181230205451.mzML	C18-polar	0.0	0.0	0.0	0.0	0_0_0_0	Blank	blank_solvent	Q-Exactive	85.0	10.0	QEC18polar_Blank_resusp_20181230205451.mzML
QEC18polar_Blank_resusp.mzML	C18-polar	0.0	0.0	0.0	0.0	0_0_0_0	Blank	blank_solvent	Q-Exactive	12.0	2.0	QEC18polar_Blank_resusp.mzML
QEC18polar_blank_SPE_20181230061257.mzML	C18-polar	0.0	0.0	0.0	0.0	0_0_0_0	Blank	blank_SPE	Q-Exactive	43.0	2.0	QEC18polar_blank_SPE_20181230061257.mzML
QEC18polar_blank_SPE_20181231001826.mzML	C18-polar	0.0	0.0	0.0	0.0	0_0_0_0	Blank	blank_SPE	Q-Exactive	80.0	3.0	QEC18polar_blank_SPE_20181231001826.mzML
QEC18polar_blank_SPE.mzML	C18-polar	0.0	0.0	0.0	0.0	0_0_0_0	Blank	blank_SPE	Q-Exactive	3.0	1.0	QEC18polar_blank_SPE.mzML
QEC18polar_NIST_20181230070956.mzML	C18-polar	0.0	0.0	100.0	0.0	0_0_0_100	Sample	Sample	Q-Exactive	46.0	2.0	QEC18polar_NIST_20181230070956.mzML
QEC18polar_NIST_20181230170025.mzML	C18-polar	0.0	0.0	100.0	0.0	0_0_0_100	Sample	Sample	Q-Exactive	69.0	3.0	QEC18polar_NIST_20181230170025.mzML
QEC18polar_NIST.mzML	C18-polar	0.0	0.0	100.0	0.0	0_0_0_100	Sample	Sample	Q-Exactive	23.0	1.0	QEC18polar_NIST.mzML
QEC18polar_To_20181230224325.mzML	C18-polar	0.0	0.0	0.0	100.0	0_0_100_0	Sample	Sample	Q-Exactive	75.0	2.0	QEC18polar_To_20181230224325.mzML
QEC18polar_To_20181231011529.mzML	C18-polar	0.0	0.0	0.0	100.0	0_0_100_0	Sample	Sample	Q-Exactive	83.0	3.0	QEC18polar_To_20181231011529.mzML
QEC18polar_To.mzML	C18-polar	0.0	0.0	0.0	100.0	0_0_100_0	Sample	Sample	Q-Exactive	32.0	1.0	QEC18polar_To.mzML
QEC18polar_To-1_NIST-3_20181230162226.mzML	C18-polar	0.0	0.0	75.0	25.0	0_0_25_75	Sample	Sample	Q-Exactive	66.0	2.0	QEC18polar_To-1_NIST-3_20181230162226.mzML
QEC18polar_To-1_NIST-3_20181230234026.mzML	C18-polar	0.0	0.0	75.0	25.0	0_0_25_75	Sample	Sample	Q-Exactive	78.0	3.0	QEC18polar_To-1_NIST-3_20181230234026.mzML
QEC18polar_To-1_NIST-3.mzML	C18-polar	0.0	0.0	75.0	25.0	0_0_25_75	Sample	Sample	Q-Exactive	56.0	1.0	QEC18polar_To-1_NIST-3.mzML
QEC18polar_To-1_NIST-1_20181230080654.mzML	C18-polar	0.0	0.0	50.0	50.0	0_0_50_50	Sample	Sample	Q-Exactive	49.0	2.0	QEC18polar_To-1_NIST-1_20181230080654.mzML
QEC18polar_To-1_NIST-1_20181231030935.mzML	C18-polar	0.0	0.0	50.0	50.0	0_0_50_50	Sample	Sample	Q-Exactive	89.0	3.0	QEC18polar_To-1_NIST-1_20181231030935.mzML
QEC18polar_To-1_NIST-1.mzML	C18-polar	0.0	0.0	50.0	50.0	0_0_50_50	Sample	Sample	Q-Exactive	6.0	1.0	QEC18polar_To-1_NIST-1.mzML
QEC18polar_To-3_NIST-1_20181230041859.mzML	C18-polar	0.0	0.0	25.0	75.0	0_0_75_25	Sample	Sample	Q-Exactive	37.0	2.0	QEC18polar_To-3_NIST-1_20181230041859.mzML
QEC18polar_To-3_NIST-1_20181230150624.mzML	C18-polar	0.0	0.0	25.0	75.0	0_0_75_25	Sample	Sample	Q-Exactive	62.0	3.0	QEC18polar_To-3_NIST-1_20181230150624.mzML
QEC18polar_To-3_NIST-1.mzML	C18-polar	0.0	0.0	25.0	75.0	0_0_75_25	Sample	Sample	Q-Exactive	16.0	1.0	QEC18polar_To-3_NIST-1.mzML
QEC18polar_F2_20181230084455.mzML	C18-polar	0.0	100.0	0.0	0.0	0_100_0_0	Sample	Sample	Q-Exactive	51.0	2.0	QEC18polar_F2_20181230084455.mzML
QEC18polar_F2_20181231021230.mzML	C18-polar	0.0	100.0	0.0	0.0	0_100_0_0	Sample	Sample	Q-Exactive	86.0	3.0	QEC18polar_F2_20181231021230.mzML
QEC18polar_F2.mzML	C18-polar	0.0	100.0	0.0	0.0	0_100_0_0	Sample	Sample	Q-Exactive	9.0	1.0	QEC18polar_F2.mzML
QEC18polar_F2-1_NIST-3_20181230072855.mzML	C18-polar	0.0	25.0	75.0	0.0	0_25_0_75	Sample	Sample	Q-Exactive	47.0	2.0	QEC18polar_F2-1_NIST-3_20181230072855.mzML
QEC18polar_F2-1_NIST-3_20181230105759.mzML	C18-polar	0.0	25.0	75.0	0.0	0_25_0_75	Sample	Sample	Q-Exactive	58.0	3.0	QEC18polar_F2-1_NIST-3_20181230105759.mzML
QEC18polar_F2-1_NIST-3.mzML	C18-polar	0.0	25.0	75.0	0.0	0_25_0_75	Sample	Sample	Q-Exactive	7.0	1.0	QEC18polar_F2-1_NIST-3.mzML
QEC18polar_F2-1_To-3_20181229192709.mzML	C18-polar	0.0	25.0	0.0	75.0	0_25_75_0	Sample	Sample	Q-Exactive	8.0	2.0	QEC18polar_F2-1_To-3_20181229192709.mzML
QEC18polar_F2-1_To-3_20181230004957.mzML	C18-polar	0.0	25.0	0.0	75.0	0_25_75_0	Sample	Sample	Q-Exactive	26.0	3.0	QEC18polar_F2-1_To-3_20181230004957.mzML
QEC18polar_F2-1_To-3.mzML	C18-polar	0.0	25.0	0.0	75.0	0_25_75_0	Sample	Sample	Q-Exactive	5.0	1.0	QEC18polar_F2-1_To-3.mzML
QEC18polar_F2-1_NIST-1_20181230232126.mzML	C18-polar	0.0	50.0	50.0	0.0	0_50_0_50	Sample	Sample	Q-Exactive	77.0	2.0	QEC18polar_F2-1_NIST-1_20181230232126.mzML
QEC18polar_F2-1_NIST-1_20181231013430.mzML	C18-polar	0.0	50.0	50.0	0.0	0_50_0_50	Sample	Sample	Q-Exactive	84.0	3.0	QEC18polar_F2-1_NIST-1_20181231013430.mzML
QEC18polar_F2-1_NIST-1.mzML	C18-polar	0.0	50.0	50.0	0.0	0_50_0_50	Sample	Sample	Q-Exactive	33.0	1.0	QEC18polar_F2-1_NIST-1.mzML
QEC18polar_F2-1_To-1_20181230111700.mzML	C18-polar	0.0	50.0	0.0	50.0	0_50_50_0	Sample	Sample	Q-Exactive	59.0	2.0	QEC18polar_F2-1_To-1_20181230111700.mzML
QEC18polar_F2-1_To-1_20181231034739.mzML	C18-polar	0.0	50.0	0.0	50.0	0_50_50_0	Sample	Sample	Q-Exactive	91.0	3.0	QEC18polar_F2-1_To-1_20181231034739.mzML
QEC18polar_F2-1_To-1.mzML	C18-polar	0.0	50.0	0.0	50.0	0_50_50_0	Sample	Sample	Q-Exactive	44.0	1.0	QEC18polar_F2-1_To-1.mzML
QEC18polar_F2-3_NIST-1_20181230152526.mzML	C18-polar	0.0	75.0	25.0	0.0	0_75_0_25	Sample	Sample	Q-Exactive	63.0	2.0	QEC18polar_F2-3_NIST-1_20181230152526.mzML
QEC18polar_F2-3_NIST-1_20181231025035.mzML	C18-polar	0.0	75.0	25.0	0.0	0_75_0_25	Sample	Sample	Q-Exactive	88.0	3.0	QEC18polar_F2-3_NIST-1_20181231025035.mzML
QEC18polar_F2-3_NIST-1.mzML	C18-polar	0.0	75.0	25.0	0.0	0_75_0_25	Sample	Sample	Q-Exactive	41.0	1.0	QEC18polar_F2-3_NIST-1.mzML
QEC18polar_F2-3_To-1_20181230045700.mzML	C18-polar	0.0	75.0	0.0	25.0	0_75_25_0	Sample	Sample	Q-Exactive	39.0	2.0	QEC18polar_F2-3_To-1_20181230045700.mzML
QEC18polar_F2-3_To-1_20181230154426.mzML	C18-polar	0.0	75.0	0.0	25.0	0_75_25_0	Sample	Sample	Q-Exactive	64.0	3.0	QEC18polar_F2-3_To-1_20181230154426.mzML
QEC18polar_F2-3_To-1.mzML	C18-polar	0.0	75.0	0.0	25.0	0_75_25_0	Sample	Sample	Q-Exactive	13.0	1.0	QEC18polar_F2-3_To-1.mzML
QEC18polar_F1_20181229233403.mzML	C18-polar	100.0	0.0	0.0	0.0	100_0_0_0	Sample	Sample	Q-Exactive	22.0	2.0	QEC18polar_F1_20181229233403.mzML
QEC18polar_F1_20181231050346.mzML	C18-polar	100.0	0.0	0.0	0.0	100_0_0_0	Sample	Sample	Q-Exactive	96.0	3.0	QEC18polar_F1_20181231050346.mzML
QEC18polar_F1.mzML	C18-polar	100.0	0.0	0.0	0.0	100_0_0_0	Sample	Sample	Q-Exactive	14.0	1.0	QEC18polar_F1.mzML
QEC18polar_F1-1_F2-1_NIST-2_To-1_20181230113559.mzML	C18-polar	20.0	20.0	40.0	20.0	20_20_20_40	Sample	Sample	Q-Exactive	60.0	2.0	QEC18polar_F1-1_F2-1_NIST-2_To-1_20181230113559.mzML
QEC18polar_F1-1_F2-1_NIST-2_To-1_20181231005629.mzML	C18-polar	20.0	20.0	40.0	20.0	20_20_20_40	Sample	Sample	Q-Exactive	82.0	3.0	QEC18polar_F1-1_F2-1_NIST-2_To-1_20181231005629.mzML
QEC18polar_F1-1_F2-1_NIST-2_To-1.mzML	C18-polar	20.0	20.0	40.0	20.0	20_20_20_40	Sample	Sample	Q-Exactive	31.0	1.0	QEC18polar_F1-1_F2-1_NIST-2_To-1.mzML
QEC18polar_F1-1_F2-1_NIST-1_To-2_20181230082555.mzML	C18-polar	20.0	20.0	20.0	40.0	20_20_40_20	Sample	Sample	Q-Exactive	50.0	2.0	QEC18polar_F1-1_F2-1_NIST-1_To-2_20181230082555.mzML
QEC18polar_F1-1_F2-1_NIST-1_To-2_20181230171925.mzML	C18-polar	20.0	20.0	20.0	40.0	20_20_40_20	Sample	Sample	Q-Exactive	70.0	3.0	QEC18polar_F1-1_F2-1_NIST-1_To-2_20181230171925.mzML
QEC18polar_F1-1_F2-1_NIST-1_To-2.mzML	C18-polar	20.0	20.0	20.0	40.0	20_20_40_20	Sample	Sample	Q-Exactive	48.0	1.0	QEC18polar_F1-1_F2-1_NIST-1_To-2.mzML
QEC18polar_F1-1_F2-2_NIST-1_To-1_20181230032157.mzML	C18-polar	20.0	40.0	20.0	20.0	20_40_20_20	Sample	Sample	Q-Exactive	34.0	2.0	QEC18polar_F1-1_F2-2_NIST-1_To-1_20181230032157.mzML
QEC18polar_F1-1_F2-2_NIST-1_To-1_20181231052247.mzML	C18-polar	20.0	40.0	20.0	20.0	20_40_20_20	Sample	Sample	Q-Exactive	97.0	3.0	QEC18polar_F1-1_F2-2_NIST-1_To-1_20181231052247.mzML
QEC18polar_F1-1_F2-2_NIST-1_To-1.mzML	C18-polar	20.0	40.0	20.0	20.0	20_40_20_20	Sample	Sample	Q-Exactive	18.0	1.0	QEC18polar_F1-1_F2-2_NIST-1_To-1.mzML
QEC18polar_F1-1_NIST-3_20181230100059.mzML	C18-polar	25.0	0.0	75.0	0.0	25_0_0_75	Sample	Sample	Q-Exactive	55.0	2.0	QEC18polar_F1-1_NIST-3_20181230100059.mzML
QEC18polar_F1-1_NIST-3_20181231032837.mzML	C18-polar	25.0	0.0	75.0	0.0	25_0_0_75	Sample	Sample	Q-Exactive	90.0	3.0	QEC18polar_F1-1_NIST-3_20181231032837.mzML
QEC18polar_F1-1_NIST-3.mzML	C18-polar	25.0	0.0	75.0	0.0	25_0_0_75	Sample	Sample	Q-Exactive	4.0	1.0	QEC18polar_F1-1_NIST-3.mzML
QEC18polar_F1-1_To-3_20181230164126.mzML	C18-polar	25.0	0.0	0.0	75.0	25_0_75_0	Sample	Sample	Q-Exactive	67.0	2.0	QEC18polar_F1-1_To-3_20181230164126.mzML
QEC18polar_F1-1_To-3_20181231003729.mzML	C18-polar	25.0	0.0	0.0	75.0	25_0_75_0	Sample	Sample	Q-Exactive	81.0	3.0	QEC18polar_F1-1_To-3_20181231003729.mzML
QEC18polar_F1-1_To-3.mzML	C18-polar	25.0	0.0	0.0	75.0	25_0_75_0	Sample	Sample	Q-Exactive	24.0	1.0	QEC18polar_F1-1_To-3.mzML
QEC18polar_F1-1_F2-1_NIST-1_To-1_20181230092259.mzML	C18-polar	25.0	25.0	25.0	25.0	25_25_25_25	Sample	Sample	Q-Exactive	53.0	2.0	QEC18polar_F1-1_F2-1_NIST-1_To-1_20181230092259.mzML
QEC18polar_F1-1_F2-1_NIST-1_To-1_20181231060048.mzML	C18-polar	25.0	25.0	25.0	25.0	25_25_25_25	Sample	Sample	Q-Exactive	99.0	3.0	QEC18polar_F1-1_F2-1_NIST-1_To-1_20181231060048.mzML
QEC18polar_F1-1_F2-1_NIST-1_To-1.mzML	C18-polar	25.0	25.0	25.0	25.0	25_25_25_25	Sample	Sample	Q-Exactive	19.0	1.0	QEC18polar_F1-1_F2-1_NIST-1_To-1.mzML
QEC18polar_F1-1_F2-3_20181229221806.mzML	C18-polar	25.0	75.0	0.0	0.0	25_75_0_0	Sample	Sample	Q-Exactive	17.0	2.0	QEC18polar_F1-1_F2-3_20181229221806.mzML
QEC18polar_F1-1_F2-3_20181230034100.mzML	C18-polar	25.0	75.0	0.0	0.0	25_75_0_0	Sample	Sample	Q-Exactive	35.0	3.0	QEC18polar_F1-1_F2-3_20181230034100.mzML
QEC18polar_F1-1_F2-3.mzML	C18-polar	25.0	75.0	0.0	0.0	25_75_0_0	Sample	Sample	Q-Exactive	10.0	1.0	QEC18polar_F1-1_F2-3.mzML
QEC18polar_F1-2_F2-1_NIST-1_To-1_20181231040642.mzML	C18-polar	40.0	20.0	20.0	20.0	40_20_20_20	Sample	Sample	Q-Exactive	92.0	2.0	QEC18polar_F1-2_F2-1_NIST-1_To-1_20181231040642.mzML
QEC18polar_F1-2_F2-1_NIST-1_To-1_20181231042544.mzML	C18-polar	40.0	20.0	20.0	20.0	40_20_20_20	Sample	Sample	Q-Exactive	93.0	3.0	QEC18polar_F1-2_F2-1_NIST-1_To-1_20181231042544.mzML
QEC18polar_F1-2_F2-1_NIST-1_To-1.mzML	C18-polar	40.0	20.0	20.0	20.0	40_20_20_20	Sample	Sample	Q-Exactive	30.0	1.0	QEC18polar_F1-2_F2-1_NIST-1_To-1.mzML
QEC18polar_F1-1_NIST-1_20181230222424.mzML	C18-polar	50.0	0.0	50.0	0.0	50_0_0_50	Sample	Sample	Q-Exactive	74.0	1.0	QEC18polar_F1-1_NIST-1_20181230222424.mzML
QEC18polar_F1-1_NIST-1_20181230230225.mzML	C18-polar	50.0	0.0	50.0	0.0	50_0_0_50	Sample	Sample	Q-Exactive	76.0	2.0	QEC18polar_F1-1_NIST-1_20181230230225.mzML
QEC18polar_F1-1_NIST-1_20181230235926.mzML	C18-polar	50.0	0.0	50.0	0.0	50_0_0_50	Sample	Sample	Q-Exactive	79.0	3.0	QEC18polar_F1-1_NIST-1_20181230235926.mzML
QEC18polar_F1-1_To-1_20181230010859.mzML	C18-polar	50.0	0.0	0.0	50.0	50_0_50_0	Sample	Sample	Q-Exactive	27.0	2.0	QEC18polar_F1-1_To-1_20181230010859.mzML
QEC18polar_F1-1_To-1_20181230090358.mzML	C18-polar	50.0	0.0	0.0	50.0	50_0_50_0	Sample	Sample	Q-Exactive	52.0	3.0	QEC18polar_F1-1_To-1_20181230090358.mzML
QEC18polar_F1-1_To-1.mzML	C18-polar	50.0	0.0	0.0	50.0	50_0_50_0	Sample	Sample	Q-Exactive	25.0	1.0	QEC18polar_F1-1_To-1.mzML
QEC18polar_F1-1_F2-1_20181230051559.mzML	C18-polar	50.0	50.0	0.0	0.0	50_50_0_0	Sample	Sample	Q-Exactive	40.0	2.0	QEC18polar_F1-1_F2-1_20181230051559.mzML
QEC18polar_F1-1_F2-1_20181230103859.mzML	C18-polar	50.0	50.0	0.0	0.0	50_50_0_0	Sample	Sample	Q-Exactive	57.0	3.0	QEC18polar_F1-1_F2-1_20181230103859.mzML
QEC18polar_F1-1_F2-1.mzML	C18-polar	50.0	50.0	0.0	0.0	50_50_0_0	Sample	Sample	Q-Exactive	15.0	1.0	QEC18polar_F1-1_F2-1.mzML
QEC18polar_F1-3_NIST-1_20181230012800.mzML	C18-polar	75.0	0.0	25.0	0.0	75_0_0_25	Sample	Sample	Q-Exactive	28.0	2.0	QEC18polar_F1-3_NIST-1_20181230012800.mzML
QEC18polar_F1-3_NIST-1_20181230160325.mzML	C18-polar	75.0	0.0	25.0	0.0	75_0_0_25	Sample	Sample	Q-Exactive	65.0	3.0	QEC18polar_F1-3_NIST-1_20181230160325.mzML
QEC18polar_F1-3_NIST-1.mzML	C18-polar	75.0	0.0	25.0	0.0	75_0_0_25	Sample	Sample	Q-Exactive	11.0	1.0	QEC18polar_F1-3_NIST-1.mzML
QEC18polar_F1-3_To-1_20181231023133.mzML	C18-polar	75.0	0.0	0.0	25.0	75_0_25_0	Sample	Sample	Q-Exactive	87.0	2.0	QEC18polar_F1-3_To-1_20181231023133.mzML
QEC18polar_F1-3_To-1_20181231044446.mzML	C18-polar	75.0	0.0	0.0	25.0	75_0_25_0	Sample	Sample	Q-Exactive	94.0	3.0	QEC18polar_F1-3_To-1_20181231044446.mzML
QEC18polar_F1-3_To-1.mzML	C18-polar	75.0	0.0	0.0	25.0	75_0_25_0	Sample	Sample	Q-Exactive	38.0	1.0	QEC18polar_F1-3_To-1.mzML
QEC18polar_F1-3_F2-1_20181230094200.mzML	C18-polar	75.0	25.0	0.0	0.0	75_25_0_0	Sample	Sample	Q-Exactive	54.0	2.0	QEC18polar_F1-3_F2-1_20181230094200.mzML
QEC18polar_F1-3_F2-1_20181230173825.mzML	C18-polar	75.0	25.0	0.0	0.0	75_25_0_0	Sample	Sample	Q-Exactive	71.0	3.0	QEC18polar_F1-3_F2-1_20181230173825.mzML
QEC18polar_F1-3_F2-1.mzML	C18-polar	75.0	25.0	0.0	0.0	75_25_0_0	Sample	Sample	Q-Exactive	20.0	1.0	QEC18polar_F1-3_F2-1.mzML
QEC18RT_Blank_resusp_20181228082621.mzML	C18-RTshift	0.0	0.0	0.0	0.0	0_0_0_0	Blank	blank_solvent	Q-Exactive	12.0	2.0	QEC18RT_Blank_resusp_20181228082621.mzML
QEC18RT_Blank_resusp_20181228111715.mzML	C18-RTshift	0.0	0.0	0.0	0.0	0_0_0_0	Blank	blank_solvent	Q-Exactive	21.0	3.0	QEC18RT_Blank_resusp_20181228111715.mzML
QEC18RT_Blank_resusp_20181228134917.mzML	C18-RTshift	0.0	0.0	0.0	0.0	0_0_0_0	Blank	blank_solvent	Q-Exactive	29.0	4.0	QEC18RT_Blank_resusp_20181228134917.mzML
QEC18RT_Blank_resusp_20181228160217.mzML	C18-RTshift	0.0	0.0	0.0	0.0	0_0_0_0	Blank	blank_solvent	Q-Exactive	36.0	5.0	QEC18RT_Blank_resusp_20181228160217.mzML
QEC18RT_Blank_resusp_20181228185935.mzML	C18-RTshift	0.0	0.0	0.0	0.0	0_0_0_0	Blank	blank_solvent	Q-Exactive	45.0	6.0	QEC18RT_Blank_resusp_20181228185935.mzML
QEC18RT_Blank_resusp_20181229004153.mzML	C18-RTshift	0.0	0.0	0.0	0.0	0_0_0_0	Blank	blank_solvent	Q-Exactive	61.0	7.0	QEC18RT_Blank_resusp_20181229004153.mzML
QEC18RT_Blank_resusp_20181229025503.mzML	C18-RTshift	0.0	0.0	0.0	0.0	0_0_0_0	Blank	blank_solvent	Q-Exactive	68.0	8.0	QEC18RT_Blank_resusp_20181229025503.mzML
QEC18RT_Blank_resusp_20181229043005.mzML	C18-RTshift	0.0	0.0	0.0	0.0	0_0_0_0	Blank	blank_solvent	Q-Exactive	73.0	9.0	QEC18RT_Blank_resusp_20181229043005.mzML
QEC18RT_Blank_resusp_20181229081815.mzML	C18-RTshift	0.0	0.0	0.0	0.0	0_0_0_0	Blank	blank_solvent	Q-Exactive	85.0	10.0	QEC18RT_Blank_resusp_20181229081815.mzML
QEC18RT_Blank_resusp.mzML	C18-RTshift	0.0	0.0	0.0	0.0	0_0_0_0	Blank	blank_solvent	Q-Exactive	2.0	1.0	QEC18RT_Blank_resusp.mzML
QEC18RT_blank_SPE_20181228182133.mzML	C18-RTshift	0.0	0.0	0.0	0.0	0_0_0_0	Blank	blank_SPE	Q-Exactive	43.0	2.0	QEC18RT_blank_SPE_20181228182133.mzML
QEC18RT_blank_SPE_20181229064309.mzML	C18-RTshift	0.0	0.0	0.0	0.0	0_0_0_0	Blank	blank_SPE	Q-Exactive	80.0	3.0	QEC18RT_blank_SPE_20181229064309.mzML
QEC18RT_blank_SPE.mzML	C18-RTshift	0.0	0.0	0.0	0.0	0_0_0_0	Blank	blank_SPE	Q-Exactive	3.0	1.0	QEC18RT_blank_SPE.mzML
QEC18RT_NIST_20181228191835.mzML	C18-RTshift	0.0	0.0	100.0	0.0	0_0_0_100	Sample	Sample	Q-Exactive	46.0	2.0	QEC18RT_NIST_20181228191835.mzML
QEC18RT_NIST_20181229031403.mzML	C18-RTshift	0.0	0.0	100.0	0.0	0_0_0_100	Sample	Sample	Q-Exactive	69.0	3.0	QEC18RT_NIST_20181229031403.mzML
QEC18RT_NIST.mzML	C18-RTshift	0.0	0.0	100.0	0.0	0_0_0_100	Sample	Sample	Q-Exactive	23.0	1.0	QEC18RT_NIST.mzML
QEC18RT_To_20181229050805.mzML	C18-RTshift	0.0	0.0	0.0	100.0	0_0_100_0	Sample	Sample	Q-Exactive	75.0	2.0	QEC18RT_To_20181229050805.mzML
QEC18RT_To_20181229074015.mzML	C18-RTshift	0.0	0.0	0.0	100.0	0_0_100_0	Sample	Sample	Q-Exactive	83.0	3.0	QEC18RT_To_20181229074015.mzML
QEC18RT_To.mzML	C18-RTshift	0.0	0.0	0.0	100.0	0_0_100_0	Sample	Sample	Q-Exactive	32.0	1.0	QEC18RT_To.mzML
QEC18RT_To-1_NIST-3_20181229021701.mzML	C18-RTshift	0.0	0.0	75.0	25.0	0_0_25_75	Sample	Sample	Q-Exactive	66.0	2.0	QEC18RT_To-1_NIST-3_20181229021701.mzML
QEC18RT_To-1_NIST-3_20181229060507.mzML	C18-RTshift	0.0	0.0	75.0	25.0	0_0_25_75	Sample	Sample	Q-Exactive	78.0	3.0	QEC18RT_To-1_NIST-3_20181229060507.mzML
QEC18RT_To-1_NIST-3.mzML	C18-RTshift	0.0	0.0	75.0	25.0	0_0_25_75	Sample	Sample	Q-Exactive	56.0	1.0	QEC18RT_To-1_NIST-3.mzML
QEC18RT_To-1_NIST-1_20181228201537.mzML	C18-RTshift	0.0	0.0	50.0	50.0	0_0_50_50	Sample	Sample	Q-Exactive	49.0	2.0	QEC18RT_To-1_NIST-1_20181228201537.mzML
QEC18RT_To-1_NIST-1_20181229093419.mzML	C18-RTshift	0.0	0.0	50.0	50.0	0_0_50_50	Sample	Sample	Q-Exactive	89.0	3.0	QEC18RT_To-1_NIST-1_20181229093419.mzML
QEC18RT_To-1_NIST-1.mzML	C18-RTshift	0.0	0.0	50.0	50.0	0_0_50_50	Sample	Sample	Q-Exactive	6.0	1.0	QEC18RT_To-1_NIST-1.mzML
QEC18RT_To-3_NIST-1_20181228162117.mzML	C18-RTshift	0.0	0.0	25.0	75.0	0_0_75_25	Sample	Sample	Q-Exactive	37.0	2.0	QEC18RT_To-3_NIST-1_20181228162117.mzML
QEC18RT_To-3_NIST-1_20181229010055.mzML	C18-RTshift	0.0	0.0	25.0	75.0	0_0_75_25	Sample	Sample	Q-Exactive	62.0	3.0	QEC18RT_To-3_NIST-1_20181229010055.mzML
QEC18RT_To-3_NIST-1.mzML	C18-RTshift	0.0	0.0	25.0	75.0	0_0_75_25	Sample	Sample	Q-Exactive	16.0	1.0	QEC18RT_To-3_NIST-1.mzML
QEC18RT_F2_20181228211241.mzML	C18-RTshift	0.0	100.0	0.0	0.0	0_100_0_0	Sample	Sample	Q-Exactive	51.0	2.0	QEC18RT_F2_20181228211241.mzML
QEC18RT_F2_20181229083715.mzML	C18-RTshift	0.0	100.0	0.0	0.0	0_100_0_0	Sample	Sample	Q-Exactive	86.0	3.0	QEC18RT_F2_20181229083715.mzML
QEC18RT_F2.mzML	C18-RTshift	0.0	100.0	0.0	0.0	0_100_0_0	Sample	Sample	Q-Exactive	9.0	1.0	QEC18RT_F2.mzML
QEC18RT_F2-1_NIST-3_20181228193737.mzML	C18-RTshift	0.0	25.0	75.0	0.0	0_25_0_75	Sample	Sample	Q-Exactive	47.0	2.0	QEC18RT_F2-1_NIST-3_20181228193737.mzML
QEC18RT_F2-1_NIST-3_20181228234449.mzML	C18-RTshift	0.0	25.0	75.0	0.0	0_25_0_75	Sample	Sample	Q-Exactive	58.0	3.0	QEC18RT_F2-1_NIST-3_20181228234449.mzML
QEC18RT_F2-1_NIST-3.mzML	C18-RTshift	0.0	25.0	75.0	0.0	0_25_0_75	Sample	Sample	Q-Exactive	7.0	1.0	QEC18RT_F2-1_NIST-3.mzML
QEC18RT_F2-1_To-3_20181228071021.mzML	C18-RTshift	0.0	25.0	0.0	75.0	0_25_75_0	Sample	Sample	Q-Exactive	8.0	2.0	QEC18RT_F2-1_To-3_20181228071021.mzML
QEC18RT_F2-1_To-3_20181228125213.mzML	C18-RTshift	0.0	25.0	0.0	75.0	0_25_75_0	Sample	Sample	Q-Exactive	26.0	3.0	QEC18RT_F2-1_To-3_20181228125213.mzML
QEC18RT_F2-1_To-3.mzML	C18-RTshift	0.0	25.0	0.0	75.0	0_25_75_0	Sample	Sample	Q-Exactive	5.0	1.0	QEC18RT_F2-1_To-3.mzML
QEC18RT_F2-1_NIST-1_20181229054607.mzML	C18-RTshift	0.0	50.0	50.0	0.0	0_50_0_50	Sample	Sample	Q-Exactive	77.0	2.0	QEC18RT_F2-1_NIST-1_20181229054607.mzML
QEC18RT_F2-1_NIST-1_20181229075915.mzML	C18-RTshift	0.0	50.0	50.0	0.0	0_50_0_50	Sample	Sample	Q-Exactive	84.0	3.0	QEC18RT_F2-1_NIST-1_20181229075915.mzML
QEC18RT_F2-1_NIST-1.mzML	C18-RTshift	0.0	50.0	50.0	0.0	0_50_0_50	Sample	Sample	Q-Exactive	33.0	1.0	QEC18RT_F2-1_NIST-1.mzML
QEC18RT_F2-1_To-1_20181229000349.mzML	C18-RTshift	0.0	50.0	0.0	50.0	0_50_50_0	Sample	Sample	Q-Exactive	59.0	2.0	QEC18RT_F2-1_To-1_20181229000349.mzML
QEC18RT_F2-1_To-1_20181229101223.mzML	C18-RTshift	0.0	50.0	0.0	50.0	0_50_50_0	Sample	Sample	Q-Exactive	91.0	3.0	QEC18RT_F2-1_To-1_20181229101223.mzML
QEC18RT_F2-1_To-1.mzML	C18-RTshift	0.0	50.0	0.0	50.0	0_50_50_0	Sample	Sample	Q-Exactive	44.0	1.0	QEC18RT_F2-1_To-1.mzML
QEC18RT_F2-3_NIST-1_20181229011957.mzML	C18-RTshift	0.0	75.0	25.0	0.0	0_75_0_25	Sample	Sample	Q-Exactive	28.0	2.0	QEC18RT_F2-3_NIST-1_20181229011957.mzML
QEC18RT_F2-3_NIST-1_20181229091519.mzML	C18-RTshift	0.0	75.0	25.0	0.0	0_75_0_25	Sample	Sample	Q-Exactive	65.0	3.0	QEC18RT_F2-3_NIST-1_20181229091519.mzML
QEC18RT_F2-3_NIST-1.mzML	C18-RTshift	0.0	75.0	25.0	0.0	0_75_0_25	Sample	Sample	Q-Exactive	11.0	1.0	QEC18RT_F2-3_NIST-1.mzML
QEC18RT_F2-3_To-1_20181228165919.mzML	C18-RTshift	0.0	75.0	0.0	25.0	0_75_25_0	Sample	Sample	Q-Exactive	39.0	2.0	QEC18RT_F2-3_To-1_20181228165919.mzML
QEC18RT_F2-3_To-1_20181229013857.mzML	C18-RTshift	0.0	75.0	0.0	25.0	0_75_25_0	Sample	Sample	Q-Exactive	64.0	3.0	QEC18RT_F2-3_To-1_20181229013857.mzML
QEC18RT_F2-3_To-1.mzML	C18-RTshift	0.0	75.0	0.0	25.0	0_75_25_0	Sample	Sample	Q-Exactive	13.0	1.0	QEC18RT_F2-3_To-1.mzML
QEC18RT_F1_20181228113615.mzML	C18-RTshift	100.0	0.0	0.0	0.0	100_0_0_0	Sample	Sample	Q-Exactive	22.0	2.0	QEC18RT_F1_20181228113615.mzML
QEC18RT_F1_20181229114729.mzML	C18-RTshift	100.0	0.0	0.0	0.0	100_0_0_0	Sample	Sample	Q-Exactive	96.0	3.0	QEC18RT_F1_20181229114729.mzML
QEC18RT_F1.mzML	C18-RTshift	100.0	0.0	0.0	0.0	100_0_0_0	Sample	Sample	Q-Exactive	14.0	1.0	QEC18RT_F1.mzML
QEC18RT_F1-1_F2-1_NIST-2_To-1_20181229002251.mzML	C18-RTshift	20.0	20.0	40.0	20.0	20_20_20_40	Sample	Sample	Q-Exactive	60.0	2.0	QEC18RT_F1-1_F2-1_NIST-2_To-1_20181229002251.mzML
QEC18RT_F1-1_F2-1_NIST-2_To-1_20181229072113.mzML	C18-RTshift	20.0	20.0	40.0	20.0	20_20_20_40	Sample	Sample	Q-Exactive	82.0	3.0	QEC18RT_F1-1_F2-1_NIST-2_To-1_20181229072113.mzML
QEC18RT_F1-1_F2-1_NIST-2_To-1.mzML	C18-RTshift	20.0	20.0	40.0	20.0	20_20_20_40	Sample	Sample	Q-Exactive	31.0	1.0	QEC18RT_F1-1_F2-1_NIST-2_To-1.mzML
QEC18RT_F1-1_F2-1_NIST-1_To-2_20181228203439.mzML	C18-RTshift	20.0	20.0	20.0	40.0	20_20_40_20	Sample	Sample	Q-Exactive	50.0	2.0	QEC18RT_F1-1_F2-1_NIST-1_To-2_20181228203439.mzML
QEC18RT_F1-1_F2-1_NIST-1_To-2_20181229033303.mzML	C18-RTshift	20.0	20.0	20.0	40.0	20_20_40_20	Sample	Sample	Q-Exactive	70.0	3.0	QEC18RT_F1-1_F2-1_NIST-1_To-2_20181229033303.mzML
QEC18RT_F1-1_F2-1_NIST-1_To-2.mzML	C18-RTshift	20.0	20.0	20.0	40.0	20_20_40_20	Sample	Sample	Q-Exactive	48.0	1.0	QEC18RT_F1-1_F2-1_NIST-1_To-2.mzML
QEC18RT_F1-1_F2-2_NIST-1_To-1_20181228152413.mzML	C18-RTshift	20.0	40.0	20.0	20.0	20_40_20_20	Sample	Sample	Q-Exactive	34.0	2.0	QEC18RT_F1-1_F2-2_NIST-1_To-1_20181228152413.mzML
QEC18RT_F1-1_F2-2_NIST-1_To-1_20181229120629.mzML	C18-RTshift	20.0	40.0	20.0	20.0	20_40_20_20	Sample	Sample	Q-Exactive	97.0	3.0	QEC18RT_F1-1_F2-2_NIST-1_To-1_20181229120629.mzML
QEC18RT_F1-1_F2-2_NIST-1_To-1.mzML	C18-RTshift	20.0	40.0	20.0	20.0	20_40_20_20	Sample	Sample	Q-Exactive	18.0	1.0	QEC18RT_F1-1_F2-2_NIST-1_To-1.mzML
QEC18RT_F1-1_NIST-3_20181228222847.mzML	C18-RTshift	25.0	0.0	75.0	0.0	25_0_0_75	Sample	Sample	Q-Exactive	55.0	2.0	QEC18RT_F1-1_NIST-3_20181228222847.mzML
QEC18RT_F1-1_NIST-3_20181229095321.mzML	C18-RTshift	25.0	0.0	75.0	0.0	25_0_0_75	Sample	Sample	Q-Exactive	90.0	3.0	QEC18RT_F1-1_NIST-3_20181229095321.mzML
QEC18RT_F1-1_NIST-3.mzML	C18-RTshift	25.0	0.0	75.0	0.0	25_0_0_75	Sample	Sample	Q-Exactive	4.0	1.0	QEC18RT_F1-1_NIST-3.mzML
QEC18RT_F1-1_To-3_20181229023601.mzML	C18-RTshift	25.0	0.0	0.0	75.0	25_0_75_0	Sample	Sample	Q-Exactive	67.0	2.0	QEC18RT_F1-1_To-3_20181229023601.mzML
QEC18RT_F1-1_To-3_20181229070211.mzML	C18-RTshift	25.0	0.0	0.0	75.0	25_0_75_0	Sample	Sample	Q-Exactive	81.0	3.0	QEC18RT_F1-1_To-3_20181229070211.mzML
QEC18RT_F1-1_To-3.mzML	C18-RTshift	25.0	0.0	0.0	75.0	25_0_75_0	Sample	Sample	Q-Exactive	24.0	1.0	QEC18RT_F1-1_To-3.mzML
QEC18RT_F1-1_F2-1_NIST-1_To-1_20181228215043.mzML	C18-RTshift	25.0	25.0	25.0	25.0	25_25_25_25	Sample	Sample	Q-Exactive	53.0	2.0	QEC18RT_F1-1_F2-1_NIST-1_To-1_20181228215043.mzML
QEC18RT_F1-1_F2-1_NIST-1_To-1_20181228224749.mzML	C18-RTshift	25.0	25.0	25.0	25.0	25_25_25_25	Sample	Sample	Q-Exactive	99.0	3.0	QEC18RT_F1-1_F2-1_NIST-1_To-1_20181228224749.mzML
QEC18RT_F1-1_F2-1_NIST-1_To-1.mzML	C18-RTshift	25.0	25.0	25.0	25.0	25_25_25_25	Sample	Sample	Q-Exactive	19.0	1.0	QEC18RT_F1-1_F2-1_NIST-1_To-1.mzML
QEC18RT_F1-1_F2-3_20181228100117.mzML	C18-RTshift	25.0	75.0	0.0	0.0	25_75_0_0	Sample	Sample	Q-Exactive	17.0	2.0	QEC18RT_F1-1_F2-3_20181228100117.mzML
QEC18RT_F1-1_F2-3_20181228154315.mzML	C18-RTshift	25.0	75.0	0.0	0.0	25_75_0_0	Sample	Sample	Q-Exactive	35.0	3.0	QEC18RT_F1-1_F2-3_20181228154315.mzML
QEC18RT_F1-1_F2-3.mzML	C18-RTshift	25.0	75.0	0.0	0.0	25_75_0_0	Sample	Sample	Q-Exactive	10.0	1.0	QEC18RT_F1-1_F2-3.mzML
QEC18RT_F1-2_F2-1_NIST-1_To-1_20181229103125.mzML	C18-RTshift	40.0	20.0	20.0	20.0	40_20_20_20	Sample	Sample	Q-Exactive	92.0	2.0	QEC18RT_F1-2_F2-1_NIST-1_To-1_20181229103125.mzML
QEC18RT_F1-2_F2-1_NIST-1_To-1_20181229105027.mzML	C18-RTshift	40.0	20.0	20.0	20.0	40_20_20_20	Sample	Sample	Q-Exactive	93.0	3.0	QEC18RT_F1-2_F2-1_NIST-1_To-1_20181229105027.mzML
QEC18RT_F1-2_F2-1_NIST-1_To-1.mzML	C18-RTshift	40.0	20.0	20.0	20.0	40_20_20_20	Sample	Sample	Q-Exactive	30.0	1.0	QEC18RT_F1-2_F2-1_NIST-1_To-1.mzML
QEC18RT_F1-1_NIST-1_20181229052705.mzML	C18-RTshift	50.0	0.0	50.0	0.0	50_0_0_50	Sample	Sample	Q-Exactive	76.0	2.0	QEC18RT_F1-1_NIST-1_20181229052705.mzML
QEC18RT_F1-1_NIST-1_20181229062407.mzML	C18-RTshift	50.0	0.0	50.0	0.0	50_0_0_50	Sample	Sample	Q-Exactive	79.0	3.0	QEC18RT_F1-1_NIST-1_20181229062407.mzML
QEC18RT_F1-1_NIST-1.mzML	C18-RTshift	50.0	0.0	50.0	0.0	50_0_0_50	Sample	Sample	Q-Exactive	74.0	1.0	QEC18RT_F1-1_NIST-1.mzML
QEC18RT_F1-1_To-1_20181228131115.mzML	C18-RTshift	50.0	0.0	0.0	50.0	50_0_50_0	Sample	Sample	Q-Exactive	27.0	2.0	QEC18RT_F1-1_To-1_20181228131115.mzML
QEC18RT_F1-1_To-1_20181228213143.mzML	C18-RTshift	50.0	0.0	0.0	50.0	50_0_50_0	Sample	Sample	Q-Exactive	52.0	3.0	QEC18RT_F1-1_To-1_20181228213143.mzML
QEC18RT_F1-1_To-1.mzML	C18-RTshift	50.0	0.0	0.0	50.0	50_0_50_0	Sample	Sample	Q-Exactive	25.0	1.0	QEC18RT_F1-1_To-1.mzML
QEC18RT_F1-1_F2-1_20181228171821.mzML	C18-RTshift	50.0	50.0	0.0	0.0	50_50_0_0	Sample	Sample	Q-Exactive	40.0	2.0	QEC18RT_F1-1_F2-1_20181228171821.mzML
QEC18RT_F1-1_F2-1_20181228232549.mzML	C18-RTshift	50.0	50.0	0.0	0.0	50_50_0_0	Sample	Sample	Q-Exactive	57.0	3.0	QEC18RT_F1-1_F2-1_20181228232549.mzML
QEC18RT_F1-1_F2-1.mzML	C18-RTshift	50.0	50.0	0.0	0.0	50_50_0_0	Sample	Sample	Q-Exactive	15.0	1.0	QEC18RT_F1-1_F2-1.mzML
QEC18RT_F1-3_NIST-1_20181228133015.mzML	C18-RTshift	75.0	0.0	25.0	0.0	75_0_0_25	Sample	Sample	Q-Exactive	63.0	2.0	QEC18RT_F1-3_NIST-1_20181228133015.mzML
QEC18RT_F1-3_NIST-1_20181229015759.mzML	C18-RTshift	75.0	0.0	25.0	0.0	75_0_0_25	Sample	Sample	Q-Exactive	88.0	3.0	QEC18RT_F1-3_NIST-1_20181229015759.mzML
QEC18RT_F1-3_NIST-1.mzML	C18-RTshift	75.0	0.0	25.0	0.0	75_0_0_25	Sample	Sample	Q-Exactive	41.0	1.0	QEC18RT_F1-3_NIST-1.mzML
QEC18RT_F1-3_To-1_20181229085617.mzML	C18-RTshift	75.0	0.0	0.0	25.0	75_0_25_0	Sample	Sample	Q-Exactive	87.0	2.0	QEC18RT_F1-3_To-1_20181229085617.mzML
QEC18RT_F1-3_To-1_20181229110929.mzML	C18-RTshift	75.0	0.0	0.0	25.0	75_0_25_0	Sample	Sample	Q-Exactive	94.0	3.0	QEC18RT_F1-3_To-1_20181229110929.mzML
QEC18RT_F1-3_To-1.mzML	C18-RTshift	75.0	0.0	0.0	25.0	75_0_25_0	Sample	Sample	Q-Exactive	38.0	1.0	QEC18RT_F1-3_To-1.mzML
QEC18RT_F1-3_F2-1_20181228220945.mzML	C18-RTshift	75.0	25.0	0.0	0.0	75_25_0_0	Sample	Sample	Q-Exactive	54.0	2.0	QEC18RT_F1-3_F2-1_20181228220945.mzML
QEC18RT_F1-3_F2-1_20181229035205.mzML	C18-RTshift	75.0	25.0	0.0	0.0	75_25_0_0	Sample	Sample	Q-Exactive	71.0	3.0	QEC18RT_F1-3_F2-1_20181229035205.mzML
QEC18RT_F1-3_F2-1.mzML	C18-RTshift	75.0	25.0	0.0	0.0	75_25_0_0	Sample	Sample	Q-Exactive	20.0	1.0	QEC18RT_F1-3_F2-1.mzML
C18_Blank_resusp_GD5_01_19398.mzML	C18	0.0	0.0	0.0	0.0	0_0_0_0	Blank	blank_solvent	Maxis II	2.0	1.0	C18_Blank_resusp_GD5_01_19398.mzML
C18_Blank_resusp_GD5_01_19408.mzML	C18	0.0	0.0	0.0	0.0	0_0_0_0	Blank	blank_solvent	Maxis II	12.0	2.0	C18_Blank_resusp_GD5_01_19408.mzML
C18_Blank_resusp_GD5_01_19417.mzML	C18	0.0	0.0	0.0	0.0	0_0_0_0	Blank	blank_solvent	Maxis II	21.0	3.0	C18_Blank_resusp_GD5_01_19417.mzML
C18_Blank_resusp_GD5_01_19431.mzML	C18	0.0	0.0	0.0	0.0	0_0_0_0	Blank	blank_solvent	Maxis II	29.0	4.0	C18_Blank_resusp_GD5_01_19431.mzML
C18_Blank_resusp_GD5_01_19446.mzML	C18	0.0	0.0	0.0	0.0	0_0_0_0	Blank	blank_solvent	Maxis II	36.0	5.0	C18_Blank_resusp_GD5_01_19446.mzML
C18_Blank_resusp_GD5_01_19472.mzML	C18	0.0	0.0	0.0	0.0	0_0_0_0	Blank	blank_solvent	Maxis II	45.0	6.0	C18_Blank_resusp_GD5_01_19472.mzML
C18_Blank_resusp_GD5_01_19477.mzML	C18	0.0	0.0	0.0	0.0	0_0_0_0	Blank	blank_solvent	Maxis II	61.0	7.0	C18_Blank_resusp_GD5_01_19477.mzML
C18_Blank_resusp_GD5_01_19487.mzML	C18	0.0	0.0	0.0	0.0	0_0_0_0	Blank	blank_solvent	Maxis II	68.0	8.0	C18_Blank_resusp_GD5_01_19487.mzML
C18_blank_SPE_GA5_01_19399.mzML	C18	0.0	0.0	0.0	0.0	0_0_0_0	Blank	blank_SPE	Maxis II	3.0	1.0	C18_blank_SPE_GA5_01_19399.mzML
C18_blank_SPE_GA5_01_19437.mzML	C18	0.0	0.0	0.0	0.0	0_0_0_0	Blank	blank_SPE	Maxis II	43.0	2.0	C18_blank_SPE_GA5_01_19437.mzML
C18_blank_SPE_GA5_01_19470.mzML	C18	0.0	0.0	0.0	0.0	0_0_0_0	Blank	blank_SPE	Maxis II	80.0	3.0	C18_blank_SPE_GA5_01_19470.mzML
C18_NIST_GA4_01_19419.mzML	C18	0.0	0.0	100.0	0.0	0_0_0_100	Sample	Sample	Maxis II	23.0	1.0	C18_NIST_GA4_01_19419.mzML
C18_NIST_GA4_01_19439.mzML	C18	0.0	0.0	100.0	0.0	0_0_0_100	Sample	Sample	Maxis II	46.0	2.0	C18_NIST_GA4_01_19439.mzML
C18_NIST_GA4_01_19461.mzML	C18	0.0	0.0	100.0	0.0	0_0_0_100	Sample	Sample	Maxis II	69.0	3.0	C18_NIST_GA4_01_19461.mzML
C18_To_GA3_01_19427.mzML	C18	0.0	0.0	0.0	100.0	0_0_100_0	Sample	Sample	Maxis II	32.0	1.0	C18_To_GA3_01_19427.mzML
C18_To_GA3_01_19465.mzML	C18	0.0	0.0	0.0	100.0	0_0_100_0	Sample	Sample	Maxis II	75.0	2.0	C18_To_GA3_01_19465.mzML
C18_To_GA3_01_19475.mzML	C18	0.0	0.0	0.0	100.0	0_0_100_0	Sample	Sample	Maxis II	83.0	3.0	C18_To_GA3_01_19475.mzML
C18_To-1_NIST-3_GC3_01_19450.mzML	C18	0.0	0.0	75.0	25.0	0_0_25_75	Sample	Sample	Maxis II	56.0	1.0	C18_To-1_NIST-3_GC3_01_19450.mzML
C18_To-1_NIST-3_GC3_01_19459.mzML	C18	0.0	0.0	75.0	25.0	0_0_25_75	Sample	Sample	Maxis II	66.0	2.0	C18_To-1_NIST-3_GC3_01_19459.mzML
C18_To-1_NIST-3_GC3_01_19468.mzML	C18	0.0	0.0	75.0	25.0	0_0_25_75	Sample	Sample	Maxis II	78.0	3.0	C18_To-1_NIST-3_GC3_01_19468.mzML
C18_To-1_NIST-1_GC1_01_19402.mzML	C18	0.0	0.0	50.0	50.0	0_0_50_50	Sample	Sample	Maxis II	6.0	1.0	C18_To-1_NIST-1_GC1_01_19402.mzML
C18_To-1_NIST-1_GC1_01_19442.mzML	C18	0.0	0.0	50.0	50.0	0_0_50_50	Sample	Sample	Maxis II	49.0	2.0	C18_To-1_NIST-1_GC1_01_19442.mzML
C18_To-1_NIST-1_GC1_01_19481.mzML	C18	0.0	0.0	50.0	50.0	0_0_50_50	Sample	Sample	Maxis II	89.0	3.0	C18_To-1_NIST-1_GC1_01_19481.mzML
C18_To-3_NIST-1_GC2_01_19412.mzML	C18	0.0	0.0	25.0	75.0	0_0_75_25	Sample	Sample	Maxis II	16.0	1.0	C18_To-3_NIST-1_GC2_01_19412.mzML
C18_To-3_NIST-1_GC2_01_19432.mzML	C18	0.0	0.0	25.0	75.0	0_0_75_25	Sample	Sample	Maxis II	37.0	2.0	C18_To-3_NIST-1_GC2_01_19432.mzML
C18_To-3_NIST-1_GC2_01_19455.mzML	C18	0.0	0.0	25.0	75.0	0_0_75_25	Sample	Sample	Maxis II	62.0	3.0	C18_To-3_NIST-1_GC2_01_19455.mzML
C18_F2_GA2_01_19405.mzML	C18	0.0	100.0	0.0	0.0	0_100_0_0	Sample	Sample	Maxis II	9.0	1.0	C18_F2_GA2_01_19405.mzML
C18_F2_GA2_01_19444.mzML	C18	0.0	100.0	0.0	0.0	0_100_0_0	Sample	Sample	Maxis II	51.0	2.0	C18_F2_GA2_01_19444.mzML
C18_F2_GA2_01_19478.mzML	C18	0.0	100.0	0.0	0.0	0_100_0_0	Sample	Sample	Maxis II	86.0	3.0	C18_F2_GA2_01_19478.mzML
C18_F2-1_NIST-3_GD4_01_19403.mzML	C18	0.0	25.0	75.0	0.0	0_25_0_75	Sample	Sample	Maxis II	7.0	1.0	C18_F2-1_NIST-3_GD4_01_19403.mzML
C18_F2-1_NIST-3_GD4_01_19440.mzML	C18	0.0	25.0	75.0	0.0	0_25_0_75	Sample	Sample	Maxis II	47.0	2.0	C18_F2-1_NIST-3_GD4_01_19440.mzML
C18_F2-1_NIST-3_GD4_01_19452.mzML	C18	0.0	25.0	75.0	0.0	0_25_0_75	Sample	Sample	Maxis II	58.0	3.0	C18_F2-1_NIST-3_GD4_01_19452.mzML
C18_F2-1_To-3_GB8_01_19401.mzML	C18	0.0	25.0	0.0	75.0	0_25_75_0	Sample	Sample	Maxis II	5.0	1.0	C18_F2-1_To-3_GB8_01_19401.mzML
C18_F2-1_To-3_GB8_01_19404.mzML	C18	0.0	25.0	0.0	75.0	0_25_75_0	Sample	Sample	Maxis II	8.0	2.0	C18_F2-1_To-3_GB8_01_19404.mzML
C18_F2-1_To-3_GB8_01_19422.mzML	C18	0.0	25.0	0.0	75.0	0_25_75_0	Sample	Sample	Maxis II	26.0	3.0	C18_F2-1_To-3_GB8_01_19422.mzML
C18_F2-1_NIST-1_GD2_01_19428.mzML	C18	0.0	50.0	50.0	0.0	0_50_0_50	Sample	Sample	Maxis II	33.0	1.0	C18_F2-1_NIST-1_GD2_01_19428.mzML
C18_F2-1_NIST-1_GD2_01_19467.mzML	C18	0.0	50.0	50.0	0.0	0_50_0_50	Sample	Sample	Maxis II	77.0	2.0	C18_F2-1_NIST-1_GD2_01_19467.mzML
C18_F2-1_NIST-1_GD2_01_19476.mzML	C18	0.0	50.0	50.0	0.0	0_50_0_50	Sample	Sample	Maxis II	84.0	3.0	C18_F2-1_NIST-1_GD2_01_19476.mzML
C18_F2-1_To-1_GB6_01_19438.mzML	C18	0.0	50.0	0.0	50.0	0_50_50_0	Sample	Sample	Maxis II	44.0	1.0	C18_F2-1_To-1_GB6_01_19438.mzML
C18_F2-1_To-1_GB6_01_19453.mzML	C18	0.0	50.0	0.0	50.0	0_50_50_0	Sample	Sample	Maxis II	59.0	2.0	C18_F2-1_To-1_GB6_01_19453.mzML
C18_F2-1_To-1_GB6_01_19483.mzML	C18	0.0	50.0	0.0	50.0	0_50_50_0	Sample	Sample	Maxis II	91.0	3.0	C18_F2-1_To-1_GB6_01_19483.mzML
C18_F2-3_NIST-1_GD3_01_19436.mzML	C18	0.0	75.0	25.0	0.0	0_75_0_25	Sample	Sample	Maxis II	11.0	1.0	C18_F2-3_NIST-1_GD3_01_19436.mzML
C18_F2-3_NIST-1_GD3_01_19456.mzML	C18	0.0	75.0	25.0	0.0	0_75_0_25	Sample	Sample	Maxis II	28.0	2.0	C18_F2-3_NIST-1_GD3_01_19456.mzML
C18_F2-3_NIST-1_GD3_01_19480.mzML	C18	0.0	75.0	25.0	0.0	0_75_0_25	Sample	Sample	Maxis II	65.0	3.0	C18_F2-3_NIST-1_GD3_01_19480.mzML
C18_F2-3_To-1_GB7_01_19409.mzML	C18	0.0	75.0	0.0	25.0	0_75_25_0	Sample	Sample	Maxis II	13.0	1.0	C18_F2-3_To-1_GB7_01_19409.mzML
C18_F2-3_To-1_GB7_01_19434.mzML	C18	0.0	75.0	0.0	25.0	0_75_25_0	Sample	Sample	Maxis II	39.0	2.0	C18_F2-3_To-1_GB7_01_19434.mzML
C18_F2-3_To-1_GB7_01_19457.mzML	C18	0.0	75.0	0.0	25.0	0_75_25_0	Sample	Sample	Maxis II	64.0	3.0	C18_F2-3_To-1_GB7_01_19457.mzML
C18_F1_GA1_01_19410.mzML	C18	100.0	0.0	0.0	0.0	100_0_0_0	Sample	Sample	Maxis II	14.0	1.0	C18_F1_GA1_01_19410.mzML
C18_F1_GA1_01_19418.mzML	C18	100.0	0.0	0.0	0.0	100_0_0_0	Sample	Sample	Maxis II	22.0	2.0	C18_F1_GA1_01_19418.mzML
C18_F1_GA1_01_19488.mzML	C18	100.0	0.0	0.0	0.0	100_0_0_0	Sample	Sample	Maxis II	96.0	3.0	C18_F1_GA1_01_19488.mzML
C18_F1-1_F2-1_NIST-2_To-1_GA7_01_19426.mzML	C18	20.0	20.0	40.0	20.0	20_20_20_40	Sample	Sample	Maxis II	31.0	1.0	C18_F1-1_F2-1_NIST-2_To-1_GA7_01_19426.mzML
C18_F1-1_F2-1_NIST-2_To-1_GA7_01_19454.mzML	C18	20.0	20.0	40.0	20.0	20_20_20_40	Sample	Sample	Maxis II	60.0	2.0	C18_F1-1_F2-1_NIST-2_To-1_GA7_01_19454.mzML
C18_F1-1_F2-1_NIST-2_To-1_GA7_01_19474.mzML	C18	20.0	20.0	40.0	20.0	20_20_20_40	Sample	Sample	Maxis II	82.0	3.0	C18_F1-1_F2-1_NIST-2_To-1_GA7_01_19474.mzML
C18_F1-1_F2-1_NIST-1_To-2_GB1_01_19441.mzML	C18	20.0	20.0	20.0	40.0	20_20_40_20	Sample	Sample	Maxis II	48.0	1.0	C18_F1-1_F2-1_NIST-1_To-2_GB1_01_19441.mzML
C18_F1-1_F2-1_NIST-1_To-2_GB1_01_19443.mzML	C18	20.0	20.0	20.0	40.0	20_20_40_20	Sample	Sample	Maxis II	50.0	2.0	C18_F1-1_F2-1_NIST-1_To-2_GB1_01_19443.mzML
C18_F1-1_F2-1_NIST-1_To-2_GB1_01_19462.mzML	C18	20.0	20.0	20.0	40.0	20_20_40_20	Sample	Sample	Maxis II	70.0	3.0	C18_F1-1_F2-1_NIST-1_To-2_GB1_01_19462.mzML
C18_F1-1_F2-2_NIST-1_To-1_GA8_01_19414.mzML	C18	20.0	40.0	20.0	20.0	20_40_20_20	Sample	Sample	Maxis II	18.0	1.0	C18_F1-1_F2-2_NIST-1_To-1_GA8_01_19414.mzML
C18_F1-1_F2-2_NIST-1_To-1_GA8_01_19429.mzML	C18	20.0	40.0	20.0	20.0	20_40_20_20	Sample	Sample	Maxis II	34.0	2.0	C18_F1-1_F2-2_NIST-1_To-1_GA8_01_19429.mzML
C18_F1-1_F2-2_NIST-1_To-1_GA8_01_19489.mzML	C18	20.0	40.0	20.0	20.0	20_40_20_20	Sample	Sample	Maxis II	97.0	3.0	C18_F1-1_F2-2_NIST-1_To-1_GA8_01_19489.mzML
C18_F1-1_NIST-3_GD1_01_19400.mzML	C18	25.0	0.0	75.0	0.0	25_0_0_75	Sample	Sample	Maxis II	4.0	1.0	C18_F1-1_NIST-3_GD1_01_19400.mzML
C18_F1-1_NIST-3_GD1_01_19449.mzML	C18	25.0	0.0	75.0	0.0	25_0_0_75	Sample	Sample	Maxis II	55.0	2.0	C18_F1-1_NIST-3_GD1_01_19449.mzML
C18_F1-1_NIST-3_GD1_01_19482.mzML	C18	25.0	0.0	75.0	0.0	25_0_0_75	Sample	Sample	Maxis II	90.0	3.0	C18_F1-1_NIST-3_GD1_01_19482.mzML
C18_F1-1_To-3_GC6_01_19420.mzML	C18	25.0	0.0	0.0	75.0	25_0_75_0	Sample	Sample	Maxis II	24.0	1.0	C18_F1-1_To-3_GC6_01_19420.mzML
C18_F1-1_To-3_GC6_01_19460.mzML	C18	25.0	0.0	0.0	75.0	25_0_75_0	Sample	Sample	Maxis II	67.0	2.0	C18_F1-1_To-3_GC6_01_19460.mzML
C18_F1-1_To-3_GC6_01_19473.mzML	C18	25.0	0.0	0.0	75.0	25_0_75_0	Sample	Sample	Maxis II	81.0	3.0	C18_F1-1_To-3_GC6_01_19473.mzML
C18_F1-1_F2-1_NIST-1_To-1_GA6_01_19415.mzML	C18	25.0	25.0	25.0	25.0	25_25_25_25	Sample	Sample	Maxis II	19.0	1.0	C18_F1-1_F2-1_NIST-1_To-1_GA6_01_19415.mzML
C18_F1-1_F2-1_NIST-1_To-1_GA6_01_19447.mzML	C18	25.0	25.0	25.0	25.0	25_25_25_25	Sample	Sample	Maxis II	53.0	2.0	C18_F1-1_F2-1_NIST-1_To-1_GA6_01_19447.mzML
C18_F1-1_F2-1_NIST-1_To-1_GA6_01_19491.mzML	C18	25.0	25.0	25.0	25.0	25_25_25_25	Sample	Sample	Maxis II	99.0	3.0	C18_F1-1_F2-1_NIST-1_To-1_GA6_01_19491.mzML
C18_F1-1_F2-3_GB5_01_19406.mzML	C18	25.0	75.0	0.0	0.0	25_75_0_0	Sample	Sample	Maxis II	10.0	1.0	C18_F1-1_F2-3_GB5_01_19406.mzML
C18_F1-1_F2-3_GB5_01_19413.mzML	C18	25.0	75.0	0.0	0.0	25_75_0_0	Sample	Sample	Maxis II	17.0	2.0	C18_F1-1_F2-3_GB5_01_19413.mzML
C18_F1-1_F2-3_GB5_01_19430.mzML	C18	25.0	75.0	0.0	0.0	25_75_0_0	Sample	Sample	Maxis II	35.0	3.0	C18_F1-1_F2-3_GB5_01_19430.mzML
C18_F1-2_F2-1_NIST-1_To-1_GB2_01_19425.mzML	C18	40.0	20.0	20.0	20.0	40_20_20_20	Sample	Sample	Maxis II	30.0	1.0	C18_F1-2_F2-1_NIST-1_To-1_GB2_01_19425.mzML
C18_F1-2_F2-1_NIST-1_To-1_GB2_01_19484.mzML	C18	40.0	20.0	20.0	20.0	40_20_20_20	Sample	Sample	Maxis II	92.0	2.0	C18_F1-2_F2-1_NIST-1_To-1_GB2_01_19484.mzML
C18_F1-2_F2-1_NIST-1_To-1_GB2_01_19485.mzML	C18	40.0	20.0	20.0	20.0	40_20_20_20	Sample	Sample	Maxis II	93.0	3.0	C18_F1-2_F2-1_NIST-1_To-1_GB2_01_19485.mzML
C18_F1-1_NIST-1_GC7_01_19464.mzML	C18	50.0	0.0	50.0	0.0	50_0_0_50	Sample	Sample	Maxis II	74.0	1.0	C18_F1-1_NIST-1_GC7_01_19464.mzML
C18_F1-1_NIST-1_GC7_01_19466.mzML	C18	50.0	0.0	50.0	0.0	50_0_0_50	Sample	Sample	Maxis II	76.0	2.0	C18_F1-1_NIST-1_GC7_01_19466.mzML
C18_F1-1_NIST-1_GC7_01_19469.mzML	C18	50.0	0.0	50.0	0.0	50_0_0_50	Sample	Sample	Maxis II	79.0	3.0	C18_F1-1_NIST-1_GC7_01_19469.mzML
C18_F1-1_To-1_GC4_01_19421.mzML	C18	50.0	0.0	0.0	50.0	50_0_50_0	Sample	Sample	Maxis II	25.0	1.0	C18_F1-1_To-1_GC4_01_19421.mzML
C18_F1-1_To-1_GC4_01_19423.mzML	C18	50.0	0.0	0.0	50.0	50_0_50_0	Sample	Sample	Maxis II	27.0	2.0	C18_F1-1_To-1_GC4_01_19423.mzML
C18_F1-1_To-1_GC4_01_19445.mzML	C18	50.0	0.0	0.0	50.0	50_0_50_0	Sample	Sample	Maxis II	52.0	3.0	C18_F1-1_To-1_GC4_01_19445.mzML
C18_F1-1_F2-1_GB3_01_19411.mzML	C18	50.0	50.0	0.0	0.0	50_50_0_0	Sample	Sample	Maxis II	15.0	1.0	C18_F1-1_F2-1_GB3_01_19411.mzML
C18_F1-1_F2-1_GB3_01_19435.mzML	C18	50.0	50.0	0.0	0.0	50_50_0_0	Sample	Sample	Maxis II	40.0	2.0	C18_F1-1_F2-1_GB3_01_19435.mzML
C18_F1-1_F2-1_GB3_01_19451.mzML	C18	50.0	50.0	0.0	0.0	50_50_0_0	Sample	Sample	Maxis II	57.0	3.0	C18_F1-1_F2-1_GB3_01_19451.mzML
C18_F1-3_NIST-1_GC8_01_19407.mzML	C18	75.0	0.0	25.0	0.0	75_0_0_25	Sample	Sample	Maxis II	41.0	1.0	C18_F1-3_NIST-1_GC8_01_19407.mzML
C18_F1-3_NIST-1_GC8_01_19424.mzML	C18	75.0	0.0	25.0	0.0	75_0_0_25	Sample	Sample	Maxis II	63.0	2.0	C18_F1-3_NIST-1_GC8_01_19424.mzML
C18_F1-3_NIST-1_GC8_01_19458.mzML	C18	75.0	0.0	25.0	0.0	75_0_0_25	Sample	Sample	Maxis II	88.0	3.0	C18_F1-3_NIST-1_GC8_01_19458.mzML
C18_F1-3_To-1_GC5_01_19433.mzML	C18	75.0	0.0	0.0	25.0	75_0_25_0	Sample	Sample	Maxis II	38.0	1.0	C18_F1-3_To-1_GC5_01_19433.mzML
C18_F1-3_To-1_GC5_01_19479.mzML	C18	75.0	0.0	0.0	25.0	75_0_25_0	Sample	Sample	Maxis II	87.0	2.0	C18_F1-3_To-1_GC5_01_19479.mzML
C18_F1-3_To-1_GC5_01_19486.mzML	C18	75.0	0.0	0.0	25.0	75_0_25_0	Sample	Sample	Maxis II	94.0	3.0	C18_F1-3_To-1_GC5_01_19486.mzML
C18_F1-3_F2-1_GB4_01_19416.mzML	C18	75.0	25.0	0.0	0.0	75_25_0_0	Sample	Sample	Maxis II	20.0	1.0	C18_F1-3_F2-1_GB4_01_19416.mzML
C18_F1-3_F2-1_GB4_01_19448.mzML	C18	75.0	25.0	0.0	0.0	75_25_0_0	Sample	Sample	Maxis II	54.0	2.0	C18_F1-3_F2-1_GB4_01_19448.mzML
C18_F1-3_F2-1_GB4_01_19463.mzML	C18	75.0	25.0	0.0	0.0	75_25_0_0	Sample	Sample	Maxis II	71.0	3.0	C18_F1-3_F2-1_GB4_01_19463.mzML
C18polar_Blank_resusp_GD5_01_19592.mzML	C18-polar	0.0	0.0	0.0	0.0	0_0_0_0	Blank	blank_solvent	Maxis II	2.0	1.0	C18polar_Blank_resusp_GD5_01_19592.mzML
C18polar_Blank_resusp_GD5_01_19602.mzML	C18-polar	0.0	0.0	0.0	0.0	0_0_0_0	Blank	blank_solvent	Maxis II	12.0	2.0	C18polar_Blank_resusp_GD5_01_19602.mzML
C18polar_Blank_resusp_GD5_01_19619.mzML	C18-polar	0.0	0.0	0.0	0.0	0_0_0_0	Blank	blank_solvent	Maxis II	21.0	3.0	C18polar_Blank_resusp_GD5_01_19619.mzML
C18polar_Blank_resusp_GD5_01_19632.mzML	C18-polar	0.0	0.0	0.0	0.0	0_0_0_0	Blank	blank_solvent	Maxis II	29.0	4.0	C18polar_Blank_resusp_GD5_01_19632.mzML
C18polar_Blank_resusp_GD5_01_19640.mzML	C18-polar	0.0	0.0	0.0	0.0	0_0_0_0	Blank	blank_solvent	Maxis II	36.0	5.0	C18polar_Blank_resusp_GD5_01_19640.mzML
C18polar_Blank_resusp_GD5_01_19648.mzML	C18-polar	0.0	0.0	0.0	0.0	0_0_0_0	Blank	blank_solvent	Maxis II	45.0	6.0	C18polar_Blank_resusp_GD5_01_19648.mzML
C18polar_Blank_resusp_GD5_01_19660.mzML	C18-polar	0.0	0.0	0.0	0.0	0_0_0_0	Blank	blank_solvent	Maxis II	61.0	7.0	C18polar_Blank_resusp_GD5_01_19660.mzML
C18polar_Blank_resusp_GD5_01_19670.mzML	C18-polar	0.0	0.0	0.0	0.0	0_0_0_0	Blank	blank_solvent	Maxis II	68.0	8.0	C18polar_Blank_resusp_GD5_01_19670.mzML
C18polar_Blank_resusp_GD5_01_19685.mzML	C18-polar	0.0	0.0	0.0	0.0	0_0_0_0	Blank	blank_solvent	Maxis II	73.0	9.0	C18polar_Blank_resusp_GD5_01_19685.mzML
C18polar_blank_SPE_GA5_01_19593.mzML	C18-polar	0.0	0.0	0.0	0.0	0_0_0_0	Blank	blank_SPE	Maxis II	3.0	1.0	C18polar_blank_SPE_GA5_01_19593.mzML
C18polar_blank_SPE_GA5_01_19630.mzML	C18-polar	0.0	0.0	0.0	0.0	0_0_0_0	Blank	blank_SPE	Maxis II	43.0	2.0	C18polar_blank_SPE_GA5_01_19630.mzML
C18polar_blank_SPE_GA5_01_19667.mzML	C18-polar	0.0	0.0	0.0	0.0	0_0_0_0	Blank	blank_SPE	Maxis II	80.0	3.0	C18polar_blank_SPE_GA5_01_19667.mzML
C18polar_NIST_GA4_01_19612.mzML	C18-polar	0.0	0.0	100.0	0.0	0_0_0_100	Sample	Sample	Maxis II	23.0	1.0	C18polar_NIST_GA4_01_19612.mzML
C18polar_NIST_GA4_01_19633.mzML	C18-polar	0.0	0.0	100.0	0.0	0_0_0_100	Sample	Sample	Maxis II	46.0	2.0	C18polar_NIST_GA4_01_19633.mzML
C18polar_NIST_GA4_01_19657.mzML	C18-polar	0.0	0.0	100.0	0.0	0_0_0_100	Sample	Sample	Maxis II	69.0	3.0	C18polar_NIST_GA4_01_19657.mzML
C18polar_To_GA3_01_19621.mzML	C18-polar	0.0	0.0	0.0	100.0	0_0_100_0	Sample	Sample	Maxis II	32.0	1.0	C18polar_To_GA3_01_19621.mzML
C18polar_To_GA3_01_19662.mzML	C18-polar	0.0	0.0	0.0	100.0	0_0_100_0	Sample	Sample	Maxis II	75.0	2.0	C18polar_To_GA3_01_19662.mzML
C18polar_To_GA3_01_19671.mzML	C18-polar	0.0	0.0	0.0	100.0	0_0_100_0	Sample	Sample	Maxis II	83.0	3.0	C18polar_To_GA3_01_19671.mzML
C18polar_To-1_NIST-3_GC3_01_19644.mzML	C18-polar	0.0	0.0	75.0	25.0	0_0_25_75	Sample	Sample	Maxis II	56.0	1.0	C18polar_To-1_NIST-3_GC3_01_19644.mzML
C18polar_To-1_NIST-3_GC3_01_19655.mzML	C18-polar	0.0	0.0	75.0	25.0	0_0_25_75	Sample	Sample	Maxis II	66.0	2.0	C18polar_To-1_NIST-3_GC3_01_19655.mzML
C18polar_To-1_NIST-3_GC3_01_19665.mzML	C18-polar	0.0	0.0	75.0	25.0	0_0_25_75	Sample	Sample	Maxis II	78.0	3.0	C18polar_To-1_NIST-3_GC3_01_19665.mzML
C18polar_To-1_NIST-1_GC1_01_19596.mzML	C18-polar	0.0	0.0	50.0	50.0	0_0_50_50	Sample	Sample	Maxis II	6.0	1.0	C18polar_To-1_NIST-1_GC1_01_19596.mzML
C18polar_To-1_NIST-1_GC1_01_19636.mzML	C18-polar	0.0	0.0	50.0	50.0	0_0_50_50	Sample	Sample	Maxis II	49.0	2.0	C18polar_To-1_NIST-1_GC1_01_19636.mzML
C18polar_To-1_NIST-1_GC1_01_19676.mzML	C18-polar	0.0	0.0	50.0	50.0	0_0_50_50	Sample	Sample	Maxis II	89.0	3.0	C18polar_To-1_NIST-1_GC1_01_19676.mzML
C18polar_To-3_NIST-1_GC2_01_19606.mzML	C18-polar	0.0	0.0	25.0	75.0	0_0_75_25	Sample	Sample	Maxis II	16.0	1.0	C18polar_To-3_NIST-1_GC2_01_19606.mzML
C18polar_To-3_NIST-1_GC2_01_19625.mzML	C18-polar	0.0	0.0	25.0	75.0	0_0_75_25	Sample	Sample	Maxis II	37.0	2.0	C18polar_To-3_NIST-1_GC2_01_19625.mzML
C18polar_To-3_NIST-1_GC2_01_19651.mzML	C18-polar	0.0	0.0	25.0	75.0	0_0_75_25	Sample	Sample	Maxis II	62.0	3.0	C18polar_To-3_NIST-1_GC2_01_19651.mzML
C18polar_F2_GA2_01_19599.mzML	C18-polar	0.0	100.0	0.0	0.0	0_100_0_0	Sample	Sample	Maxis II	9.0	1.0	C18polar_F2_GA2_01_19599.mzML
C18polar_F2_GA2_01_19638.mzML	C18-polar	0.0	100.0	0.0	0.0	0_100_0_0	Sample	Sample	Maxis II	51.0	2.0	C18polar_F2_GA2_01_19638.mzML
C18polar_F2_GA2_01_19673.mzML	C18-polar	0.0	100.0	0.0	0.0	0_100_0_0	Sample	Sample	Maxis II	86.0	3.0	C18polar_F2_GA2_01_19673.mzML
C18polar_F2-1_NIST-3_GD4_01_19597.mzML	C18-polar	0.0	25.0	75.0	0.0	0_25_0_75	Sample	Sample	Maxis II	7.0	1.0	C18polar_F2-1_NIST-3_GD4_01_19597.mzML
C18polar_F2-1_NIST-3_GD4_01_19634.mzML	C18-polar	0.0	25.0	75.0	0.0	0_25_0_75	Sample	Sample	Maxis II	47.0	2.0	C18polar_F2-1_NIST-3_GD4_01_19634.mzML
C18polar_F2-1_NIST-3_GD4_01_19646.mzML	C18-polar	0.0	25.0	75.0	0.0	0_25_0_75	Sample	Sample	Maxis II	58.0	3.0	C18polar_F2-1_NIST-3_GD4_01_19646.mzML
C18polar_F2-1_To-3_GB8_01_19595.mzML	C18-polar	0.0	25.0	0.0	75.0	0_25_75_0	Sample	Sample	Maxis II	5.0	1.0	C18polar_F2-1_To-3_GB8_01_19595.mzML
C18polar_F2-1_To-3_GB8_01_19598.mzML	C18-polar	0.0	25.0	0.0	75.0	0_25_75_0	Sample	Sample	Maxis II	8.0	2.0	C18polar_F2-1_To-3_GB8_01_19598.mzML
C18polar_F2-1_To-3_GB8_01_19615.mzML	C18-polar	0.0	25.0	0.0	75.0	0_25_75_0	Sample	Sample	Maxis II	26.0	3.0	C18polar_F2-1_To-3_GB8_01_19615.mzML
C18polar_F2-1_NIST-1_GD2_01_19622.mzML	C18-polar	0.0	50.0	50.0	0.0	0_50_0_50	Sample	Sample	Maxis II	33.0	1.0	C18polar_F2-1_NIST-1_GD2_01_19622.mzML
C18polar_F2-1_NIST-1_GD2_01_19664.mzML	C18-polar	0.0	50.0	50.0	0.0	0_50_0_50	Sample	Sample	Maxis II	77.0	2.0	C18polar_F2-1_NIST-1_GD2_01_19664.mzML
C18polar_F2-1_NIST-1_GD2_01_19672.mzML	C18-polar	0.0	50.0	50.0	0.0	0_50_0_50	Sample	Sample	Maxis II	84.0	3.0	C18polar_F2-1_NIST-1_GD2_01_19672.mzML
C18polar_F2-1_To-1_GB6_01_19631.mzML	C18-polar	0.0	50.0	0.0	50.0	0_50_50_0	Sample	Sample	Maxis II	44.0	1.0	C18polar_F2-1_To-1_GB6_01_19631.mzML
C18polar_F2-1_To-1_GB6_01_19649.mzML	C18-polar	0.0	50.0	0.0	50.0	0_50_50_0	Sample	Sample	Maxis II	59.0	2.0	C18polar_F2-1_To-1_GB6_01_19649.mzML
C18polar_F2-1_To-1_GB6_01_19678.mzML	C18-polar	0.0	50.0	0.0	50.0	0_50_50_0	Sample	Sample	Maxis II	91.0	3.0	C18polar_F2-1_To-1_GB6_01_19678.mzML
C18polar_F2-3_NIST-1_GD3_01_19629.mzML	C18-polar	0.0	75.0	25.0	0.0	0_75_0_25	Sample	Sample	Maxis II	11.0	1.0	C18polar_F2-3_NIST-1_GD3_01_19629.mzML
C18polar_F2-3_NIST-1_GD3_01_19652.mzML	C18-polar	0.0	75.0	25.0	0.0	0_75_0_25	Sample	Sample	Maxis II	28.0	2.0	C18polar_F2-3_NIST-1_GD3_01_19652.mzML
C18polar_F2-3_NIST-1_GD3_01_19675.mzML	C18-polar	0.0	75.0	25.0	0.0	0_75_0_25	Sample	Sample	Maxis II	65.0	3.0	C18polar_F2-3_NIST-1_GD3_01_19675.mzML
C18polar_F2-3_To-1_GB7_01_19603.mzML	C18-polar	0.0	75.0	0.0	25.0	0_75_25_0	Sample	Sample	Maxis II	13.0	1.0	C18polar_F2-3_To-1_GB7_01_19603.mzML
C18polar_F2-3_To-1_GB7_01_19627.mzML	C18-polar	0.0	75.0	0.0	25.0	0_75_25_0	Sample	Sample	Maxis II	39.0	2.0	C18polar_F2-3_To-1_GB7_01_19627.mzML
C18polar_F2-3_To-1_GB7_01_19653.mzML	C18-polar	0.0	75.0	0.0	25.0	0_75_25_0	Sample	Sample	Maxis II	64.0	3.0	C18polar_F2-3_To-1_GB7_01_19653.mzML
C18polar_F1_GA1_01_19604.mzML	C18-polar	100.0	0.0	0.0	0.0	100_0_0_0	Sample	Sample	Maxis II	14.0	1.0	C18polar_F1_GA1_01_19604.mzML
C18polar_F1_GA1_01_19611.mzML	C18-polar	100.0	0.0	0.0	0.0	100_0_0_0	Sample	Sample	Maxis II	22.0	2.0	C18polar_F1_GA1_01_19611.mzML
C18polar_F1_GA1_01_19682.mzML	C18-polar	100.0	0.0	0.0	0.0	100_0_0_0	Sample	Sample	Maxis II	96.0	3.0	C18polar_F1_GA1_01_19682.mzML
C18polar_F1-1_F2-1_NIST-2_To-1_GA7_01_19620.mzML	C18-polar	20.0	20.0	40.0	20.0	20_20_20_40	Sample	Sample	Maxis II	31.0	1.0	C18polar_F1-1_F2-1_NIST-2_To-1_GA7_01_19620.mzML
C18polar_F1-1_F2-1_NIST-2_To-1_GA7_01_19650.mzML	C18-polar	20.0	20.0	40.0	20.0	20_20_20_40	Sample	Sample	Maxis II	60.0	2.0	C18polar_F1-1_F2-1_NIST-2_To-1_GA7_01_19650.mzML
C18polar_F1-1_F2-1_NIST-2_To-1_GA7_01_19669.mzML	C18-polar	20.0	20.0	40.0	20.0	20_20_20_40	Sample	Sample	Maxis II	82.0	3.0	C18polar_F1-1_F2-1_NIST-2_To-1_GA7_01_19669.mzML
C18polar_F1-1_F2-1_NIST-1_To-2_GB1_01_19635.mzML	C18-polar	20.0	20.0	20.0	40.0	20_20_40_20	Sample	Sample	Maxis II	48.0	1.0	C18polar_F1-1_F2-1_NIST-1_To-2_GB1_01_19635.mzML
C18polar_F1-1_F2-1_NIST-1_To-2_GB1_01_19637.mzML	C18-polar	20.0	20.0	20.0	40.0	20_20_40_20	Sample	Sample	Maxis II	50.0	2.0	C18polar_F1-1_F2-1_NIST-1_To-2_GB1_01_19637.mzML
C18polar_F1-1_F2-1_NIST-1_To-2_GB1_01_19658.mzML	C18-polar	20.0	20.0	20.0	40.0	20_20_40_20	Sample	Sample	Maxis II	70.0	3.0	C18polar_F1-1_F2-1_NIST-1_To-2_GB1_01_19658.mzML
C18polar_F1-1_F2-2_NIST-1_To-1_GA8_01_19608.mzML	C18-polar	20.0	40.0	20.0	20.0	20_40_20_20	Sample	Sample	Maxis II	18.0	1.0	C18polar_F1-1_F2-2_NIST-1_To-1_GA8_01_19608.mzML
C18polar_F1-1_F2-2_NIST-1_To-1_GA8_01_19623.mzML	C18-polar	20.0	40.0	20.0	20.0	20_40_20_20	Sample	Sample	Maxis II	34.0	2.0	C18polar_F1-1_F2-2_NIST-1_To-1_GA8_01_19623.mzML
C18polar_F1-1_F2-2_NIST-1_To-1_GA8_01_19683.mzML	C18-polar	20.0	40.0	20.0	20.0	20_40_20_20	Sample	Sample	Maxis II	97.0	3.0	C18polar_F1-1_F2-2_NIST-1_To-1_GA8_01_19683.mzML
C18polar_F1-1_NIST-3_GD1_01_19594.mzML	C18-polar	25.0	0.0	75.0	0.0	25_0_0_75	Sample	Sample	Maxis II	4.0	1.0	C18polar_F1-1_NIST-3_GD1_01_19594.mzML
C18polar_F1-1_NIST-3_GD1_01_19643.mzML	C18-polar	25.0	0.0	75.0	0.0	25_0_0_75	Sample	Sample	Maxis II	55.0	2.0	C18polar_F1-1_NIST-3_GD1_01_19643.mzML
C18polar_F1-1_NIST-3_GD1_01_19677.mzML	C18-polar	25.0	0.0	75.0	0.0	25_0_0_75	Sample	Sample	Maxis II	90.0	3.0	C18polar_F1-1_NIST-3_GD1_01_19677.mzML
C18polar_F1-1_To-3_GC6_01_19613.mzML	C18-polar	25.0	0.0	0.0	75.0	25_0_75_0	Sample	Sample	Maxis II	24.0	1.0	C18polar_F1-1_To-3_GC6_01_19613.mzML
C18polar_F1-1_To-3_GC6_01_19656.mzML	C18-polar	25.0	0.0	0.0	75.0	25_0_75_0	Sample	Sample	Maxis II	67.0	2.0	C18polar_F1-1_To-3_GC6_01_19656.mzML
C18polar_F1-1_To-3_GC6_01_19668.mzML	C18-polar	25.0	0.0	0.0	75.0	25_0_75_0	Sample	Sample	Maxis II	81.0	3.0	C18polar_F1-1_To-3_GC6_01_19668.mzML
C18polar_F1-1_F2-1_NIST-1_To-1_GA6_01_19609.mzML	C18-polar	25.0	25.0	25.0	25.0	25_25_25_25	Sample	Sample	Maxis II	19.0	1.0	C18polar_F1-1_F2-1_NIST-1_To-1_GA6_01_19609.mzML
C18polar_F1-1_F2-1_NIST-1_To-1_GA6_01_19641.mzML	C18-polar	25.0	25.0	25.0	25.0	25_25_25_25	Sample	Sample	Maxis II	53.0	2.0	C18polar_F1-1_F2-1_NIST-1_To-1_GA6_01_19641.mzML
C18polar_F1-1_F2-1_NIST-1_To-1_GA6_01_19684.mzML	C18-polar	25.0	25.0	25.0	25.0	25_25_25_25	Sample	Sample	Maxis II	99.0	3.0	C18polar_F1-1_F2-1_NIST-1_To-1_GA6_01_19684.mzML
C18polar_F1-1_F2-3_GB5_01_19600.mzML	C18-polar	25.0	75.0	0.0	0.0	25_75_0_0	Sample	Sample	Maxis II	10.0	1.0	C18polar_F1-1_F2-3_GB5_01_19600.mzML
C18polar_F1-1_F2-3_GB5_01_19607.mzML	C18-polar	25.0	75.0	0.0	0.0	25_75_0_0	Sample	Sample	Maxis II	17.0	2.0	C18polar_F1-1_F2-3_GB5_01_19607.mzML
C18polar_F1-1_F2-3_GB5_01_19624.mzML	C18-polar	25.0	75.0	0.0	0.0	25_75_0_0	Sample	Sample	Maxis II	35.0	3.0	C18polar_F1-1_F2-3_GB5_01_19624.mzML
C18polar_F1-2_F2-1_NIST-1_To-1_GB2_01_19618.mzML	C18-polar	40.0	20.0	20.0	20.0	40_20_20_20	Sample	Sample	Maxis II	30.0	1.0	C18polar_F1-2_F2-1_NIST-1_To-1_GB2_01_19618.mzML
C18polar_F1-2_F2-1_NIST-1_To-1_GB2_01_19679.mzML	C18-polar	40.0	20.0	20.0	20.0	40_20_20_20	Sample	Sample	Maxis II	92.0	2.0	C18polar_F1-2_F2-1_NIST-1_To-1_GB2_01_19679.mzML
C18polar_F1-2_F2-1_NIST-1_To-1_GB2_01_19680.mzML	C18-polar	40.0	20.0	20.0	20.0	40_20_20_20	Sample	Sample	Maxis II	93.0	3.0	C18polar_F1-2_F2-1_NIST-1_To-1_GB2_01_19680.mzML
C18polar_F1-1_NIST-1_GC7_01_19661.mzML	C18-polar	50.0	0.0	50.0	0.0	50_0_0_50	Sample	Sample	Maxis II	74.0	1.0	C18polar_F1-1_NIST-1_GC7_01_19661.mzML
C18polar_F1-1_NIST-1_GC7_01_19663.mzML	C18-polar	50.0	0.0	50.0	0.0	50_0_0_50	Sample	Sample	Maxis II	76.0	2.0	C18polar_F1-1_NIST-1_GC7_01_19663.mzML
C18polar_F1-1_NIST-1_GC7_01_19666.mzML	C18-polar	50.0	0.0	50.0	0.0	50_0_0_50	Sample	Sample	Maxis II	79.0	3.0	C18polar_F1-1_NIST-1_GC7_01_19666.mzML
C18polar_F1-1_To-1_GC4_01_19614.mzML	C18-polar	50.0	0.0	0.0	50.0	50_0_50_0	Sample	Sample	Maxis II	25.0	1.0	C18polar_F1-1_To-1_GC4_01_19614.mzML
C18polar_F1-1_To-1_GC4_01_19616.mzML	C18-polar	50.0	0.0	0.0	50.0	50_0_50_0	Sample	Sample	Maxis II	27.0	2.0	C18polar_F1-1_To-1_GC4_01_19616.mzML
C18polar_F1-1_To-1_GC4_01_19639.mzML	C18-polar	50.0	0.0	0.0	50.0	50_0_50_0	Sample	Sample	Maxis II	52.0	3.0	C18polar_F1-1_To-1_GC4_01_19639.mzML
C18polar_F1-1_F2-1_GB3_01_19605.mzML	C18-polar	50.0	50.0	0.0	0.0	50_50_0_0	Sample	Sample	Maxis II	15.0	1.0	C18polar_F1-1_F2-1_GB3_01_19605.mzML
C18polar_F1-1_F2-1_GB3_01_19628.mzML	C18-polar	50.0	50.0	0.0	0.0	50_50_0_0	Sample	Sample	Maxis II	40.0	2.0	C18polar_F1-1_F2-1_GB3_01_19628.mzML
C18polar_F1-1_F2-1_GB3_01_19645.mzML	C18-polar	50.0	50.0	0.0	0.0	50_50_0_0	Sample	Sample	Maxis II	57.0	3.0	C18polar_F1-1_F2-1_GB3_01_19645.mzML
C18polar_F1-3_NIST-1_GC8_01_19601.mzML	C18-polar	75.0	0.0	25.0	0.0	75_0_0_25	Sample	Sample	Maxis II	41.0	1.0	C18polar_F1-3_NIST-1_GC8_01_19601.mzML
C18polar_F1-3_NIST-1_GC8_01_19617.mzML	C18-polar	75.0	0.0	25.0	0.0	75_0_0_25	Sample	Sample	Maxis II	63.0	2.0	C18polar_F1-3_NIST-1_GC8_01_19617.mzML
C18polar_F1-3_NIST-1_GC8_01_19654.mzML	C18-polar	75.0	0.0	25.0	0.0	75_0_0_25	Sample	Sample	Maxis II	88.0	3.0	C18polar_F1-3_NIST-1_GC8_01_19654.mzML
C18polar_F1-3_To-1_GC5_01_19626.mzML	C18-polar	75.0	0.0	0.0	25.0	75_0_25_0	Sample	Sample	Maxis II	38.0	1.0	C18polar_F1-3_To-1_GC5_01_19626.mzML
C18polar_F1-3_To-1_GC5_01_19674.mzML	C18-polar	75.0	0.0	0.0	25.0	75_0_25_0	Sample	Sample	Maxis II	87.0	2.0	C18polar_F1-3_To-1_GC5_01_19674.mzML
C18polar_F1-3_To-1_GC5_01_19681.mzML	C18-polar	75.0	0.0	0.0	25.0	75_0_25_0	Sample	Sample	Maxis II	94.0	3.0	C18polar_F1-3_To-1_GC5_01_19681.mzML
C18polar_F1-3_F2-1_GB4_01_19610.mzML	C18-polar	75.0	25.0	0.0	0.0	75_25_0_0	Sample	Sample	Maxis II	20.0	1.0	C18polar_F1-3_F2-1_GB4_01_19610.mzML
C18polar_F1-3_F2-1_GB4_01_19642.mzML	C18-polar	75.0	25.0	0.0	0.0	75_25_0_0	Sample	Sample	Maxis II	54.0	2.0	C18polar_F1-3_F2-1_GB4_01_19642.mzML
C18polar_F1-3_F2-1_GB4_01_19659.mzML	C18-polar	75.0	25.0	0.0	0.0	75_25_0_0	Sample	Sample	Maxis II	71.0	3.0	C18polar_F1-3_F2-1_GB4_01_19659.mzML
C18_Blank_resusp_GD5_01_19494.mzML	C18-RTshift	0.0	0.0	0.0	0.0	0_0_0_0	Blank	blank_solvent	Maxis II	2.0	1.0	C18_Blank_resusp_GD5_01_19494.mzML
C18_Blank_resusp_GD5_01_19504.mzML	C18-RTshift	0.0	0.0	0.0	0.0	0_0_0_0	Blank	blank_solvent	Maxis II	12.0	2.0	C18_Blank_resusp_GD5_01_19504.mzML
C18_Blank_resusp_GD5_01_19513.mzML	C18-RTshift	0.0	0.0	0.0	0.0	0_0_0_0	Blank	blank_solvent	Maxis II	21.0	3.0	C18_Blank_resusp_GD5_01_19513.mzML
C18_Blank_resusp_GD5_01_19524.mzML	C18-RTshift	0.0	0.0	0.0	0.0	0_0_0_0	Blank	blank_solvent	Maxis II	29.0	4.0	C18_Blank_resusp_GD5_01_19524.mzML
C18_Blank_resusp_GD5_01_19537.mzML	C18-RTshift	0.0	0.0	0.0	0.0	0_0_0_0	Blank	blank_solvent	Maxis II	36.0	5.0	C18_Blank_resusp_GD5_01_19537.mzML
C18_Blank_resusp_GD5_01_19545.mzML	C18-RTshift	0.0	0.0	0.0	0.0	0_0_0_0	Blank	blank_solvent	Maxis II	45.0	6.0	C18_Blank_resusp_GD5_01_19545.mzML
C18_Blank_resusp_GD5_01_19563.mzML	C18-RTshift	0.0	0.0	0.0	0.0	0_0_0_0	Blank	blank_solvent	Maxis II	61.0	7.0	C18_Blank_resusp_GD5_01_19563.mzML
C18_Blank_resusp_GD5_01_19571.mzML	C18-RTshift	0.0	0.0	0.0	0.0	0_0_0_0	Blank	blank_solvent	Maxis II	68.0	8.0	C18_Blank_resusp_GD5_01_19571.mzML
C18_Blank_resusp_GD5_01_19585.mzML	C18-RTshift	0.0	0.0	0.0	0.0	0_0_0_0	Blank	blank_solvent	Maxis II	73.0	9.0	C18_Blank_resusp_GD5_01_19585.mzML
C18_Blank_resusp_GD5_01_19589.mzML	C18-RTshift	0.0	0.0	0.0	0.0	0_0_0_0	Blank	blank_solvent	Maxis II	85.0	10.0	C18_Blank_resusp_GD5_01_19589.mzML
C18_blank_SPE_GA5_01_19495.mzML	C18-RTshift	0.0	0.0	0.0	0.0	0_0_0_0	Blank	blank_SPE	Maxis II	3.0	1.0	C18_blank_SPE_GA5_01_19495.mzML
C18_blank_SPE_GA5_01_19535.mzML	C18-RTshift	0.0	0.0	0.0	0.0	0_0_0_0	Blank	blank_SPE	Maxis II	43.0	2.0	C18_blank_SPE_GA5_01_19535.mzML
C18_blank_SPE_GA5_01_19570.mzML	C18-RTshift	0.0	0.0	0.0	0.0	0_0_0_0	Blank	blank_SPE	Maxis II	80.0	3.0	C18_blank_SPE_GA5_01_19570.mzML
C18_NIST_GA4_01_19515.mzML	C18-RTshift	0.0	0.0	100.0	0.0	0_0_0_100	Sample	Sample	Maxis II	23.0	1.0	C18_NIST_GA4_01_19515.mzML
C18_NIST_GA4_01_19538.mzML	C18-RTshift	0.0	0.0	100.0	0.0	0_0_0_100	Sample	Sample	Maxis II	46.0	2.0	C18_NIST_GA4_01_19538.mzML
C18_NIST_GA4_01_19560.mzML	C18-RTshift	0.0	0.0	100.0	0.0	0_0_0_100	Sample	Sample	Maxis II	69.0	3.0	C18_NIST_GA4_01_19560.mzML
C18_To_GA3_01_19526.mzML	C18-RTshift	0.0	0.0	0.0	100.0	0_0_100_0	Sample	Sample	Maxis II	32.0	1.0	C18_To_GA3_01_19526.mzML
C18_To_GA3_01_19565.mzML	C18-RTshift	0.0	0.0	0.0	100.0	0_0_100_0	Sample	Sample	Maxis II	75.0	2.0	C18_To_GA3_01_19565.mzML
C18_To_GA3_01_19574.mzML	C18-RTshift	0.0	0.0	0.0	100.0	0_0_100_0	Sample	Sample	Maxis II	83.0	3.0	C18_To_GA3_01_19574.mzML
C18_To-1_NIST-3_GC3_01_19549.mzML	C18-RTshift	0.0	0.0	75.0	25.0	0_0_25_75	Sample	Sample	Maxis II	56.0	1.0	C18_To-1_NIST-3_GC3_01_19549.mzML
C18_To-1_NIST-3_GC3_01_19558.mzML	C18-RTshift	0.0	0.0	75.0	25.0	0_0_25_75	Sample	Sample	Maxis II	66.0	2.0	C18_To-1_NIST-3_GC3_01_19558.mzML
C18_To-1_NIST-3_GC3_01_19568.mzML	C18-RTshift	0.0	0.0	75.0	25.0	0_0_25_75	Sample	Sample	Maxis II	78.0	3.0	C18_To-1_NIST-3_GC3_01_19568.mzML
C18_To-1_NIST-1_GC1_01_19498.mzML	C18-RTshift	0.0	0.0	50.0	50.0	0_0_50_50	Sample	Sample	Maxis II	6.0	1.0	C18_To-1_NIST-1_GC1_01_19498.mzML
C18_To-1_NIST-1_GC1_01_19541.mzML	C18-RTshift	0.0	0.0	50.0	50.0	0_0_50_50	Sample	Sample	Maxis II	49.0	2.0	C18_To-1_NIST-1_GC1_01_19541.mzML
C18_To-1_NIST-1_GC1_01_19579.mzML	C18-RTshift	0.0	0.0	50.0	50.0	0_0_50_50	Sample	Sample	Maxis II	89.0	3.0	C18_To-1_NIST-1_GC1_01_19579.mzML
C18_To-3_NIST-1_GC2_01_19508.mzML	C18-RTshift	0.0	0.0	25.0	75.0	0_0_75_25	Sample	Sample	Maxis II	16.0	1.0	C18_To-3_NIST-1_GC2_01_19508.mzML
C18_To-3_NIST-1_GC2_01_19530.mzML	C18-RTshift	0.0	0.0	25.0	75.0	0_0_75_25	Sample	Sample	Maxis II	37.0	2.0	C18_To-3_NIST-1_GC2_01_19530.mzML
C18_To-3_NIST-1_GC2_01_19554.mzML	C18-RTshift	0.0	0.0	25.0	75.0	0_0_75_25	Sample	Sample	Maxis II	62.0	3.0	C18_To-3_NIST-1_GC2_01_19554.mzML
C18_F2_GA2_01_19501.mzML	C18-RTshift	0.0	100.0	0.0	0.0	0_100_0_0	Sample	Sample	Maxis II	9.0	1.0	C18_F2_GA2_01_19501.mzML
C18_F2_GA2_01_19543.mzML	C18-RTshift	0.0	100.0	0.0	0.0	0_100_0_0	Sample	Sample	Maxis II	51.0	2.0	C18_F2_GA2_01_19543.mzML
C18_F2_GA2_01_19576.mzML	C18-RTshift	0.0	100.0	0.0	0.0	0_100_0_0	Sample	Sample	Maxis II	86.0	3.0	C18_F2_GA2_01_19576.mzML
C18_F2-1_NIST-3_GD4_01_19499.mzML	C18-RTshift	0.0	25.0	75.0	0.0	0_25_0_75	Sample	Sample	Maxis II	7.0	1.0	C18_F2-1_NIST-3_GD4_01_19499.mzML
C18_F2-1_NIST-3_GD4_01_19539.mzML	C18-RTshift	0.0	25.0	75.0	0.0	0_25_0_75	Sample	Sample	Maxis II	47.0	2.0	C18_F2-1_NIST-3_GD4_01_19539.mzML
C18_F2-1_NIST-3_GD4_01_19551.mzML	C18-RTshift	0.0	25.0	75.0	0.0	0_25_0_75	Sample	Sample	Maxis II	58.0	3.0	C18_F2-1_NIST-3_GD4_01_19551.mzML
C18_F2-1_To-3_GB8_01_19497.mzML	C18-RTshift	0.0	25.0	0.0	75.0	0_25_75_0	Sample	Sample	Maxis II	5.0	1.0	C18_F2-1_To-3_GB8_01_19497.mzML
C18_F2-1_To-3_GB8_01_19500.mzML	C18-RTshift	0.0	25.0	0.0	75.0	0_25_75_0	Sample	Sample	Maxis II	8.0	2.0	C18_F2-1_To-3_GB8_01_19500.mzML
C18_F2-1_To-3_GB8_01_19518.mzML	C18-RTshift	0.0	25.0	0.0	75.0	0_25_75_0	Sample	Sample	Maxis II	26.0	3.0	C18_F2-1_To-3_GB8_01_19518.mzML
C18_F2-1_NIST-1_GD2_01_19527.mzML	C18-RTshift	0.0	50.0	50.0	0.0	0_50_0_50	Sample	Sample	Maxis II	33.0	1.0	C18_F2-1_NIST-1_GD2_01_19527.mzML
C18_F2-1_NIST-1_GD2_01_19567.mzML	C18-RTshift	0.0	50.0	50.0	0.0	0_50_0_50	Sample	Sample	Maxis II	77.0	2.0	C18_F2-1_NIST-1_GD2_01_19567.mzML
C18_F2-1_NIST-1_GD2_01_19575.mzML	C18-RTshift	0.0	50.0	50.0	0.0	0_50_0_50	Sample	Sample	Maxis II	84.0	3.0	C18_F2-1_NIST-1_GD2_01_19575.mzML
C18_F2-1_To-1_GB6_01_19536.mzML	C18-RTshift	0.0	50.0	0.0	50.0	0_50_50_0	Sample	Sample	Maxis II	44.0	1.0	C18_F2-1_To-1_GB6_01_19536.mzML
C18_F2-1_To-1_GB6_01_19552.mzML	C18-RTshift	0.0	50.0	0.0	50.0	0_50_50_0	Sample	Sample	Maxis II	59.0	2.0	C18_F2-1_To-1_GB6_01_19552.mzML
C18_F2-1_To-1_GB6_01_19581.mzML	C18-RTshift	0.0	50.0	0.0	50.0	0_50_50_0	Sample	Sample	Maxis II	91.0	3.0	C18_F2-1_To-1_GB6_01_19581.mzML
C18_F2-3_NIST-1_GD3_01_19534.mzML	C18-RTshift	0.0	75.0	25.0	0.0	0_75_0_25	Sample	Sample	Maxis II	11.0	1.0	C18_F2-3_NIST-1_GD3_01_19534.mzML
C18_F2-3_NIST-1_GD3_01_19555.mzML	C18-RTshift	0.0	75.0	25.0	0.0	0_75_0_25	Sample	Sample	Maxis II	28.0	2.0	C18_F2-3_NIST-1_GD3_01_19555.mzML
C18_F2-3_NIST-1_GD3_01_19578.mzML	C18-RTshift	0.0	75.0	25.0	0.0	0_75_0_25	Sample	Sample	Maxis II	65.0	3.0	C18_F2-3_NIST-1_GD3_01_19578.mzML
C18_F2-3_To-1_GB7_01_19505.mzML	C18-RTshift	0.0	75.0	0.0	25.0	0_75_25_0	Sample	Sample	Maxis II	13.0	1.0	C18_F2-3_To-1_GB7_01_19505.mzML
C18_F2-3_To-1_GB7_01_19532.mzML	C18-RTshift	0.0	75.0	0.0	25.0	0_75_25_0	Sample	Sample	Maxis II	39.0	2.0	C18_F2-3_To-1_GB7_01_19532.mzML
C18_F2-3_To-1_GB7_01_19556.mzML	C18-RTshift	0.0	75.0	0.0	25.0	0_75_25_0	Sample	Sample	Maxis II	64.0	3.0	C18_F2-3_To-1_GB7_01_19556.mzML
C18_F1_GA1_01_19506.mzML	C18-RTshift	100.0	0.0	0.0	0.0	100_0_0_0	Sample	Sample	Maxis II	14.0	1.0	C18_F1_GA1_01_19506.mzML
C18_F1_GA1_01_19514.mzML	C18-RTshift	100.0	0.0	0.0	0.0	100_0_0_0	Sample	Sample	Maxis II	22.0	2.0	C18_F1_GA1_01_19514.mzML
C18_F1_GA1_01_19586.mzML	C18-RTshift	100.0	0.0	0.0	0.0	100_0_0_0	Sample	Sample	Maxis II	96.0	3.0	C18_F1_GA1_01_19586.mzML
C18_F1-1_F2-1_NIST-2_To-1_GA7_01_19525.mzML	C18-RTshift	20.0	20.0	40.0	20.0	20_20_20_40	Sample	Sample	Maxis II	31.0	1.0	C18_F1-1_F2-1_NIST-2_To-1_GA7_01_19525.mzML
C18_F1-1_F2-1_NIST-2_To-1_GA7_01_19553.mzML	C18-RTshift	20.0	20.0	40.0	20.0	20_20_20_40	Sample	Sample	Maxis II	60.0	2.0	C18_F1-1_F2-1_NIST-2_To-1_GA7_01_19553.mzML
C18_F1-1_F2-1_NIST-2_To-1_GA7_01_19573.mzML	C18-RTshift	20.0	20.0	40.0	20.0	20_20_20_40	Sample	Sample	Maxis II	82.0	3.0	C18_F1-1_F2-1_NIST-2_To-1_GA7_01_19573.mzML
C18_F1-1_F2-1_NIST-1_To-2_GB1_01_19540.mzML	C18-RTshift	20.0	20.0	20.0	40.0	20_20_40_20	Sample	Sample	Maxis II	48.0	1.0	C18_F1-1_F2-1_NIST-1_To-2_GB1_01_19540.mzML
C18_F1-1_F2-1_NIST-1_To-2_GB1_01_19542.mzML	C18-RTshift	20.0	20.0	20.0	40.0	20_20_40_20	Sample	Sample	Maxis II	50.0	2.0	C18_F1-1_F2-1_NIST-1_To-2_GB1_01_19542.mzML
C18_F1-1_F2-1_NIST-1_To-2_GB1_01_19561.mzML	C18-RTshift	20.0	20.0	20.0	40.0	20_20_40_20	Sample	Sample	Maxis II	70.0	3.0	C18_F1-1_F2-1_NIST-1_To-2_GB1_01_19561.mzML
C18_F1-1_F2-2_NIST-1_To-1_GA8_01_19510.mzML	C18-RTshift	20.0	40.0	20.0	20.0	20_40_20_20	Sample	Sample	Maxis II	18.0	1.0	C18_F1-1_F2-2_NIST-1_To-1_GA8_01_19510.mzML
C18_F1-1_F2-2_NIST-1_To-1_GA8_01_19528.mzML	C18-RTshift	20.0	40.0	20.0	20.0	20_40_20_20	Sample	Sample	Maxis II	34.0	2.0	C18_F1-1_F2-2_NIST-1_To-1_GA8_01_19528.mzML
C18_F1-1_F2-2_NIST-1_To-1_GA8_01_19587.mzML	C18-RTshift	20.0	40.0	20.0	20.0	20_40_20_20	Sample	Sample	Maxis II	97.0	3.0	C18_F1-1_F2-2_NIST-1_To-1_GA8_01_19587.mzML
C18_F1-1_NIST-3_GD1_01_19496.mzML	C18-RTshift	25.0	0.0	75.0	0.0	25_0_0_75	Sample	Sample	Maxis II	4.0	1.0	C18_F1-1_NIST-3_GD1_01_19496.mzML
C18_F1-1_NIST-3_GD1_01_19548.mzML	C18-RTshift	25.0	0.0	75.0	0.0	25_0_0_75	Sample	Sample	Maxis II	55.0	2.0	C18_F1-1_NIST-3_GD1_01_19548.mzML
C18_F1-1_NIST-3_GD1_01_19580.mzML	C18-RTshift	25.0	0.0	75.0	0.0	25_0_0_75	Sample	Sample	Maxis II	90.0	3.0	C18_F1-1_NIST-3_GD1_01_19580.mzML
C18_F1-1_To-3_GC6_01_19516.mzML	C18-RTshift	25.0	0.0	0.0	75.0	25_0_75_0	Sample	Sample	Maxis II	24.0	1.0	C18_F1-1_To-3_GC6_01_19516.mzML
C18_F1-1_To-3_GC6_01_19559.mzML	C18-RTshift	25.0	0.0	0.0	75.0	25_0_75_0	Sample	Sample	Maxis II	67.0	2.0	C18_F1-1_To-3_GC6_01_19559.mzML
C18_F1-1_To-3_GC6_01_19572.mzML	C18-RTshift	25.0	0.0	0.0	75.0	25_0_75_0	Sample	Sample	Maxis II	81.0	3.0	C18_F1-1_To-3_GC6_01_19572.mzML
C18_F1-1_F2-1_NIST-1_To-1_GA6_01_19511.mzML	C18-RTshift	25.0	25.0	25.0	25.0	25_25_25_25	Sample	Sample	Maxis II	19.0	1.0	C18_F1-1_F2-1_NIST-1_To-1_GA6_01_19511.mzML
C18_F1-1_F2-1_NIST-1_To-1_GA6_01_19546.mzML	C18-RTshift	25.0	25.0	25.0	25.0	25_25_25_25	Sample	Sample	Maxis II	53.0	2.0	C18_F1-1_F2-1_NIST-1_To-1_GA6_01_19546.mzML
C18_F1-1_F2-1_NIST-1_To-1_GA6_01_19588.mzML	C18-RTshift	25.0	25.0	25.0	25.0	25_25_25_25	Sample	Sample	Maxis II	99.0	3.0	C18_F1-1_F2-1_NIST-1_To-1_GA6_01_19588.mzML
C18_F1-1_F2-3_GB5_01_19502.mzML	C18-RTshift	25.0	75.0	0.0	0.0	25_75_0_0	Sample	Sample	Maxis II	10.0	1.0	C18_F1-1_F2-3_GB5_01_19502.mzML
C18_F1-1_F2-3_GB5_01_19509.mzML	C18-RTshift	25.0	75.0	0.0	0.0	25_75_0_0	Sample	Sample	Maxis II	17.0	2.0	C18_F1-1_F2-3_GB5_01_19509.mzML
C18_F1-1_F2-3_GB5_01_19529.mzML	C18-RTshift	25.0	75.0	0.0	0.0	25_75_0_0	Sample	Sample	Maxis II	35.0	3.0	C18_F1-1_F2-3_GB5_01_19529.mzML
C18_F1-2_F2-1_NIST-1_To-1_GB2_01_19521.mzML	C18-RTshift	40.0	20.0	20.0	20.0	40_20_20_20	Sample	Sample	Maxis II	30.0	1.0	C18_F1-2_F2-1_NIST-1_To-1_GB2_01_19521.mzML
C18_F1-2_F2-1_NIST-1_To-1_GB2_01_19582.mzML	C18-RTshift	40.0	20.0	20.0	20.0	40_20_20_20	Sample	Sample	Maxis II	92.0	2.0	C18_F1-2_F2-1_NIST-1_To-1_GB2_01_19582.mzML
C18_F1-2_F2-1_NIST-1_To-1_GB2_01_19583.mzML	C18-RTshift	40.0	20.0	20.0	20.0	40_20_20_20	Sample	Sample	Maxis II	93.0	3.0	C18_F1-2_F2-1_NIST-1_To-1_GB2_01_19583.mzML
C18_F1-1_NIST-1_GC7_01_19564.mzML	C18-RTshift	50.0	0.0	50.0	0.0	50_0_0_50	Sample	Sample	Maxis II	74.0	1.0	C18_F1-1_NIST-1_GC7_01_19564.mzML
C18_F1-1_NIST-1_GC7_01_19566.mzML	C18-RTshift	50.0	0.0	50.0	0.0	50_0_0_50	Sample	Sample	Maxis II	76.0	2.0	C18_F1-1_NIST-1_GC7_01_19566.mzML
C18_F1-1_NIST-1_GC7_01_19569.mzML	C18-RTshift	50.0	0.0	50.0	0.0	50_0_0_50	Sample	Sample	Maxis II	79.0	3.0	C18_F1-1_NIST-1_GC7_01_19569.mzML
C18_F1-1_To-1_GC4_01_19517.mzML	C18-RTshift	50.0	0.0	0.0	50.0	50_0_50_0	Sample	Sample	Maxis II	25.0	1.0	C18_F1-1_To-1_GC4_01_19517.mzML
C18_F1-1_To-1_GC4_01_19519.mzML	C18-RTshift	50.0	0.0	0.0	50.0	50_0_50_0	Sample	Sample	Maxis II	27.0	2.0	C18_F1-1_To-1_GC4_01_19519.mzML
C18_F1-1_To-1_GC4_01_19544.mzML	C18-RTshift	50.0	0.0	0.0	50.0	50_0_50_0	Sample	Sample	Maxis II	52.0	3.0	C18_F1-1_To-1_GC4_01_19544.mzML
C18_F1-1_F2-1_GB3_01_19507.mzML	C18-RTshift	50.0	50.0	0.0	0.0	50_50_0_0	Sample	Sample	Maxis II	15.0	1.0	C18_F1-1_F2-1_GB3_01_19507.mzML
C18_F1-1_F2-1_GB3_01_19533.mzML	C18-RTshift	50.0	50.0	0.0	0.0	50_50_0_0	Sample	Sample	Maxis II	40.0	2.0	C18_F1-1_F2-1_GB3_01_19533.mzML
C18_F1-1_F2-1_GB3_01_19550.mzML	C18-RTshift	50.0	50.0	0.0	0.0	50_50_0_0	Sample	Sample	Maxis II	57.0	3.0	C18_F1-1_F2-1_GB3_01_19550.mzML
C18_F1-3_NIST-1_GC8_01_19503.mzML	C18-RTshift	75.0	0.0	25.0	0.0	75_0_0_25	Sample	Sample	Maxis II	41.0	1.0	C18_F1-3_NIST-1_GC8_01_19503.mzML
C18_F1-3_NIST-1_GC8_01_19520.mzML	C18-RTshift	75.0	0.0	25.0	0.0	75_0_0_25	Sample	Sample	Maxis II	63.0	2.0	C18_F1-3_NIST-1_GC8_01_19520.mzML
C18_F1-3_NIST-1_GC8_01_19557.mzML	C18-RTshift	75.0	0.0	25.0	0.0	75_0_0_25	Sample	Sample	Maxis II	88.0	3.0	C18_F1-3_NIST-1_GC8_01_19557.mzML
C18_F1-3_To-1_GC5_01_19531.mzML	C18-RTshift	75.0	0.0	0.0	25.0	75_0_25_0	Sample	Sample	Maxis II	38.0	1.0	C18_F1-3_To-1_GC5_01_19531.mzML
C18_F1-3_To-1_GC5_01_19577.mzML	C18-RTshift	75.0	0.0	0.0	25.0	75_0_25_0	Sample	Sample	Maxis II	87.0	2.0	C18_F1-3_To-1_GC5_01_19577.mzML
C18_F1-3_To-1_GC5_01_19584.mzML	C18-RTshift	75.0	0.0	0.0	25.0	75_0_25_0	Sample	Sample	Maxis II	94.0	3.0	C18_F1-3_To-1_GC5_01_19584.mzML
C18_F1-3_F2-1_GB4_01_19512.mzML	C18-RTshift	75.0	25.0	0.0	0.0	75_25_0_0	Sample	Sample	Maxis II	20.0	1.0	C18_F1-3_F2-1_GB4_01_19512.mzML
C18_F1-3_F2-1_GB4_01_19547.mzML	C18-RTshift	75.0	25.0	0.0	0.0	75_25_0_0	Sample	Sample	Maxis II	54.0	2.0	C18_F1-3_F2-1_GB4_01_19547.mzML
C18_F1-3_F2-1_GB4_01_19562.mzML	C18-RTshift	75.0	25.0	0.0	0.0	75_25_0_0	Sample	Sample	Maxis II	71.0	3.0	C18_F1-3_F2-1_GB4_01_19562.mzML
QEC18RT_Blank_resusp_20181229112829.mzML	NaN	NaN	NaN	NaN	NaN	NaN	NaN	NaN	NaN	NaN	NaN	QEC18RT_Blank_resusp_20181229112829.mzML
